沥幅厘锅龋,困档,版档,档矫疙
1022,35.18503611,126.8357417,堡林堡开矫
1023,35.18517778,126.8361083,堡林堡开矫
1024,35.12658889,126.8825389,堡林堡开矫
1025,35.15639722,126.8100194,堡林堡开矫
1026,35.15646667,126.8098806,堡林堡开矫
1029,35.157775,126.8065556,堡林堡开矫
1030,35.15783333,126.8068056,堡林堡开矫
1031,35.15200833,126.8098056,堡林堡开矫
1032,35.15195833,126.8101167,堡林堡开矫
1035,35.15047778,126.9058889,堡林堡开矫
1036,35.15007778,126.9056917,堡林堡开矫
1037,35.225379,126.900644,堡林堡开矫
1038,35.22552,126.900908,堡林堡开矫
1043,35.17615556,126.8155944,堡林堡开矫
1044,35.17602778,126.8153444,堡林堡开矫
1046,35.17922222,126.8199639,堡林堡开矫
1047,35.17936389,126.8209806,堡林堡开矫
1048,35.17453056,126.8175806,堡林堡开矫
1049,35.17422778,126.8171889,堡林堡开矫
1050,35.177925,126.8149861,堡林堡开矫
1053,35.176518,126.817813,堡林堡开矫
1055,35.132085,126.943161,堡林堡开矫
1056,35.13229444,126.9448194,堡林堡开矫
1057,35.13226111,126.9424167,堡林堡开矫
1058,35.21504722,126.9001972,堡林堡开矫
1059,35.17713611,126.8782972,堡林堡开矫
1060,35.17821111,126.8772056,堡林堡开矫
1061,35.17910833,126.8755417,堡林堡开矫
1063,35.18116389,126.8736639,堡林堡开矫
1064,35.18189722,126.8727194,堡林堡开矫
1065,35.150297,126.85656,堡林堡开矫
1067,35.150195,126.857816,堡林堡开矫
1068,35.148074,126.856656,堡林堡开矫
1069,35.149152,126.856017,堡林堡开矫
1071,35.15344722,126.8472778,堡林堡开矫
1072,35.21503333,126.8344972,堡林堡开矫
1073,35.12913611,126.8850639,堡林堡开矫
1075,35.12952222,126.8852778,堡林堡开矫
1076,35.13049167,126.8873056,堡林堡开矫
1077,35.13079167,126.8874806,堡林堡开矫
1079,35.1983,126.7670833,堡林堡开矫
1080,35.12493889,126.7674333,堡林堡开矫
1081,35.00851389,126.9571806,堡林堡开矫
1082,35.14639722,126.9871278,堡林堡开矫
1083,35.14668889,126.9870306,堡林堡开矫
1084,35.21849722,126.8325,堡林堡开矫
1085,35.24110556,126.8153194,堡林堡开矫
1086,35.17188889,126.8120333,堡林堡开矫
1087,35.17237,126.80666,堡林堡开矫
1088,35.172119,126.807066,堡林堡开矫
1089,35.16798333,126.8090583,堡林堡开矫
1090,35.16753056,126.8088806,堡林堡开矫
1091,35.17118889,126.8093917,堡林堡开矫
1092,35.17148889,126.8092694,堡林堡开矫
1094,35.13566389,126.8741389,堡林堡开矫
1095,35.13583889,126.8740167,堡林堡开矫
1096,35.23632222,126.7381056,堡林堡开矫
1097,35.20945833,126.9500639,堡林堡开矫
1098,35.21053056,126.9495833,堡林堡开矫
1099,35.20457222,126.9014861,堡林堡开矫
1100,35.19837778,126.6813028,堡林堡开矫
1101,35.14419167,126.8916639,堡林堡开矫
1102,35.14523889,126.8905194,堡林堡开矫
1103,35.141367,126.8939,堡林堡开矫
1104,35.14219444,126.8928306,堡林堡开矫
1105,35.142138,126.888032,堡林堡开矫
1106,35.14205278,126.8882,堡林堡开矫
1107,35.20432222,126.90135,堡林堡开矫
1108,35.14359444,126.8907917,堡林堡开矫
1109,35.14362222,126.8907167,堡林堡开矫
1110,35.21047222,126.9449528,堡林堡开矫
1111,35.210975,126.9456472,堡林堡开矫
1112,35.1469,126.8977861,堡林堡开矫
1113,35.14707778,126.89755,堡林堡开矫
1114,35.14098611,126.8372222,堡林堡开矫
1115,35.23820278,126.8180028,堡林堡开矫
1116,35.24446667,126.8637972,堡林堡开矫
1119,35.21094167,126.9010444,堡林堡开矫
1120,35.21203056,126.9011889,堡林堡开矫
1121,35.164725,126.8634028,堡林堡开矫
1122,35.12595833,126.9162583,堡林堡开矫
1123,35.12587778,126.9162639,堡林堡开矫
1124,35.176975,126.8972056,堡林堡开矫
1125,35.17711111,126.8970389,堡林堡开矫
1126,35.16642778,126.8583611,堡林堡开矫
1127,35.16653056,126.8583972,堡林堡开矫
1128,35.233175,126.8500833,堡林堡开矫
1129,35.232625,126.85015,堡林堡开矫
1132,35.06916667,126.9752361,堡林堡开矫
1136,35.216178,126.902816,堡林堡开矫
1137,35.20636389,126.8977472,堡林堡开矫
1138,35.20685556,126.8976028,堡林堡开矫
1139,35.146799,126.903628,堡林堡开矫
1140,35.146553,126.903857,堡林堡开矫
1141,35.22085278,126.8362083,堡林堡开矫
1142,35.21906111,126.8372444,堡林堡开矫
1143,35.20766667,126.7520833,堡林堡开矫
1144,35.21991111,126.742975,堡林堡开矫
1145,35.21653611,126.7528389,堡林堡开矫
1146,35.219175,126.7446306,堡林堡开矫
1147,35.21875556,126.74575,堡林堡开矫
1148,35.22063333,126.7408917,堡林堡开矫
1149,35.215125,126.74675,堡林堡开矫
1150,35.229605,126.733384,堡林堡开矫
1151,35.162948,126.8972,堡林堡开矫
1152,35.162492,126.897635,堡林堡开矫
1153,35.16533889,126.8942611,堡林堡开矫
1154,35.165145,126.895134,堡林堡开矫
1155,35.16999444,126.8845361,堡林堡开矫
1156,35.16668333,126.8917889,堡林堡开矫
1157,35.164202,126.887561,堡林堡开矫
1158,35.163467,126.887547,堡林堡开矫
1159,35.16667,126.892267,堡林堡开矫
1161,35.18863056,126.7401528,堡林堡开矫
1162,35.25048056,126.7716194,堡林堡开矫
1163,35.26185556,126.8448639,堡林堡开矫
1164,35.02562778,127.022125,堡林堡开矫
1165,35.200203,126.933688,堡林堡开矫
1166,35.13372778,126.7803806,堡林堡开矫
1167,35.13406111,126.7805194,堡林堡开矫
1168,35.13599722,126.7829306,堡林堡开矫
1169,35.13606944,126.7830222,堡林堡开矫
1171,35.133775,126.9067194,堡林堡开矫
1172,35.13361944,126.9071167,堡林堡开矫
1174,35.183175,126.78845,堡林堡开矫
1175,35.15579722,126.9358778,堡林堡开矫
1176,35.15613333,126.9369694,堡林堡开矫
1177,35.15615,126.9367,堡林堡开矫
1178,35.20028889,126.7951333,堡林堡开矫
1181,35.15182193,126.8720355,堡林堡开矫
1182,35.15146944,126.87265,堡林堡开矫
1183,35.194486,126.84595,堡林堡开矫
1185,35.19444444,126.8455917,堡林堡开矫
1186,35.194885,126.841975,堡林堡开矫
1187,35.18687778,126.8863278,堡林堡开矫
1188,35.18634722,126.8856167,堡林堡开矫
1189,35.18755556,126.8896528,堡林堡开矫
1190,35.18743056,126.8891583,堡林堡开矫
1191,35.140992,126.92149,堡林堡开矫
1192,35.140989,126.921794,堡林堡开矫
1193,35.15083889,126.9201778,堡林堡开矫
1196,35.15073611,126.920125,堡林堡开矫
1198,35.052477,126.908961,堡林堡开矫
1199,35.17503333,126.9124722,堡林堡开矫
1200,35.17497222,126.9126472,堡林堡开矫
1201,35.17645278,126.9122528,堡林堡开矫
1202,35.17686389,126.9123667,堡林堡开矫
1204,35.16917778,126.9026083,堡林堡开矫
1205,35.16901389,126.9021806,堡林堡开矫
1206,35.16846389,126.9044611,堡林堡开矫
1207,35.168528,126.905346,堡林堡开矫
1208,35.17175278,126.902325,堡林堡开矫
1209,35.17156944,126.90325,堡林堡开矫
1210,35.17009722,126.9038222,堡林堡开矫
1211,35.170201,126.904101,堡林堡开矫
1212,35.15916389,126.9442083,堡林堡开矫
1213,35.15919444,126.9439722,堡林堡开矫
1214,35.20651389,126.8427444,堡林堡开矫
1215,35.20613611,126.8446194,堡林堡开矫
1218,35.20549722,126.8440028,堡林堡开矫
1219,35.15242778,126.7928306,堡林堡开矫
1220,35.15278611,126.7929889,堡林堡开矫
1221,35.05401111,126.9979917,堡林堡开矫
1222,35.12769722,126.9069333,堡林堡开矫
1223,35.12778611,126.9074,堡林堡开矫
1224,35.14072222,126.8913722,堡林堡开矫
1225,35.141428,126.890658,堡林堡开矫
1226,35.182675,126.9187111,堡林堡开矫
1227,35.18252222,126.9187417,堡林堡开矫
1228,35.21468889,126.8760583,堡林堡开矫
1229,35.21454444,126.8757833,堡林堡开矫
1230,35.14376,126.925382,堡林堡开矫
1231,35.143614,126.925678,堡林堡开矫
1232,35.14486111,126.9237806,堡林堡开矫
1233,35.14496389,126.9237333,堡林堡开矫
1234,35.141875,126.924475,堡林堡开矫
1235,35.06123889,126.9863083,堡林堡开矫
1236,35.24458611,126.7401583,堡林堡开矫
1237,35.23847222,126.7385111,堡林堡开矫
1238,35.13013889,126.8550222,堡林堡开矫
1239,35.129686,126.8552,堡林堡开矫
1241,35.144212,126.843859,堡林堡开矫
1242,35.13816944,126.8771056,堡林堡开矫
1243,35.13821667,126.8772361,堡林堡开矫
1245,35.16374167,126.9370222,堡林堡开矫
1246,35.163625,126.9368917,堡林堡开矫
1247,35.21264444,126.8705056,堡林堡开矫
1248,35.21228333,126.8704833,堡林堡开矫
1249,35.17995833,126.914,堡林堡开矫
1250,35.17981667,126.9151361,堡林堡开矫
1251,35.16654444,126.8030528,堡林堡开矫
1252,35.16651389,126.8048833,堡林堡开矫
1253,35.18454167,126.8322167,堡林堡开矫
1254,35.16612778,126.9323222,堡林堡开矫
1255,35.16640278,126.9323139,堡林堡开矫
1256,35.10185,126.9393806,堡林堡开矫
1260,35.13571667,126.8983583,堡林堡开矫
1261,35.136528,126.897252,堡林堡开矫
1262,35.12841111,126.9043694,堡林堡开矫
1263,35.128366,126.904687,堡林堡开矫
1264,35.143225,126.883922,堡林堡开矫
1265,35.1433,126.884116,堡林堡开矫
1266,35.13265833,126.8644528,堡林堡开矫
1267,35.13245556,126.8645056,堡林堡开矫
1268,35.20434722,126.9529639,堡林堡开矫
1269,35.20416389,126.95295,堡林堡开矫
1270,35.20209167,126.9540944,堡林堡开矫
1271,35.20195,126.9539556,堡林堡开矫
1272,35.17190833,126.8631361,堡林堡开矫
1273,35.1721,126.8632361,堡林堡开矫
1275,35.20886389,126.8149833,堡林堡开矫
1276,35.14638056,126.910925,堡林堡开矫
1278,35.24348611,126.8127611,堡林堡开矫
1279,35.17553611,126.8820722,堡林堡开矫
1280,35.14867778,126.7936167,堡林堡开矫
1281,35.14854444,126.7934694,堡林堡开矫
1282,35.18742778,126.8955139,堡林堡开矫
1283,35.18731389,126.8935528,堡林堡开矫
1284,35.16129444,126.9144944,堡林堡开矫
1285,35.16168889,126.914875,堡林堡开矫
1286,35.18421944,126.9236861,堡林堡开矫
1287,35.166875,126.9113972,堡林堡开矫
1288,35.16071111,126.9102139,堡林堡开矫
1289,35.16096667,126.9103222,堡林堡开矫
1290,35.17071111,126.9112444,堡林堡开矫
1291,35.219625,126.8191639,堡林堡开矫
1292,35.21953889,126.8191028,堡林堡开矫
1293,35.145193,126.869428,堡林堡开矫
1294,35.12490278,126.8756639,堡林堡开矫
1295,35.14496111,126.8686611,堡林堡开矫
1296,35.16763611,126.9162111,堡林堡开矫
1297,35.16766667,126.9163639,堡林堡开矫
1299,35.17239722,126.890675,堡林堡开矫
1300,35.17207222,126.8909056,堡林堡开矫
1301,35.15656111,126.8905556,堡林堡开矫
1302,35.15156111,126.8453167,堡林堡开矫
1303,35.15136667,126.845575,堡林堡开矫
1304,35.13419167,126.9552638,堡林堡开矫
1305,35.19016667,126.7425889,堡林堡开矫
1306,35.21918586,126.8789826,堡林堡开矫
1307,35.21922222,126.8786972,堡林堡开矫
1308,35.18729722,126.7372389,堡林堡开矫
1309,35.15203056,126.9306278,堡林堡开矫
1310,35.15169722,126.9307722,堡林堡开矫
1311,35.15031667,126.9449556,堡林堡开矫
1312,35.22938297,126.8853498,堡林堡开矫
1313,35.22720712,126.8841553,堡林堡开矫
1314,35.225484,126.882962,堡林堡开矫
1315,35.225554,126.882764,堡林堡开矫
1316,35.13588056,126.7978806,堡林堡开矫
1320,35.21121389,126.7885194,堡林堡开矫
1321,35.21373056,126.7905556,堡林堡开矫
1322,35.16588056,126.8729861,堡林堡开矫
1323,35.16604167,126.872925,堡林堡开矫
1324,35.11853611,126.8990111,堡林堡开矫
1326,35.27279167,126.833375,堡林堡开矫
1327,35.26213333,126.8222222,堡林堡开矫
1328,35.02795833,127.0344139,堡林堡开矫
1329,35.02800833,127.034275,堡林堡开矫
1330,35.20720556,126.770875,堡林堡开矫
1331,35.00286389,126.9587833,堡林堡开矫
1332,35.02958333,127.048,堡林堡开矫
1333,35.02968889,127.0479389,堡林堡开矫
1334,35.21051667,126.7612556,堡林堡开矫
1336,35.19081667,126.8775472,堡林堡开矫
1338,35.219598,126.84173,堡林堡开矫
1340,35.23809444,126.8604139,堡林堡开矫
1342,35.21703056,126.8314694,堡林堡开矫
1343,35.21501667,126.8346972,堡林堡开矫
1344,35.23869167,126.8627333,堡林堡开矫
1349,35.16986944,126.9269139,堡林堡开矫
1350,35.16990278,126.9272722,堡林堡开矫
1351,35.22179167,126.8455972,堡林堡开矫
1352,35.22194167,126.8454889,堡林堡开矫
1353,35.19346667,126.8770972,堡林堡开矫
1354,35.19333611,126.8768528,堡林堡开矫
1357,35.19744444,126.9535667,堡林堡开矫
1358,35.05823056,126.9924167,堡林堡开矫
1359,35.181975,126.8807,堡林堡开矫
1360,35.18273611,126.8809056,堡林堡开矫
1361,35.25152222,126.8631111,堡林堡开矫
1366,35.15071667,126.9113667,堡林堡开矫
1367,35.161575,126.98065,堡林堡开矫
1368,35.16165833,126.9807972,堡林堡开矫
1369,35.14860833,126.9134417,堡林堡开矫
1370,35.14807778,126.9128694,堡林堡开矫
1371,35.14861111,126.9136167,堡林堡开矫
1372,35.14458333,126.8605083,堡林堡开矫
1373,35.16618771,126.8641064,堡林堡开矫
1374,35.16605833,126.8670583,堡林堡开矫
1375,35.16619167,126.8666694,堡林堡开矫
1376,35.166355,126.864529,堡林堡开矫
1377,35.149429,126.916271,堡林堡开矫
1378,35.19780278,126.8794083,堡林堡开矫
1379,35.197675,126.8789194,堡林堡开矫
1381,35.167725,126.8955056,堡林堡开矫
1382,35.16819444,126.8943306,堡林堡开矫
1383,35.12352222,126.9301722,堡林堡开矫
1384,35.12364722,126.9302583,堡林堡开矫
1385,35.17535278,126.8087,堡林堡开矫
1388,35.17554444,126.8085083,堡林堡开矫
1389,35.17033611,126.803175,堡林堡开矫
1390,35.170228,126.802754,堡林堡开矫
1391,35.21344167,126.8005583,堡林堡开矫
1392,35.22831389,126.8602667,堡林堡开矫
1393,35.23053611,126.8631222,堡林堡开矫
1394,35.23059167,126.8630667,堡林堡开矫
1395,35.16033056,126.987,堡林堡开矫
1396,35.16023056,126.9870833,堡林堡开矫
1397,35.12905833,126.7927167,堡林堡开矫
1398,35.12098056,126.7797472,堡林堡开矫
1399,35.12482222,126.7684417,堡林堡开矫
1401,35.12453056,126.76125,堡林堡开矫
1404,35.16770278,126.6906111,堡林堡开矫
1405,35.24044444,126.7896028,堡林堡开矫
1406,35.2653,126.8386528,堡林堡开矫
1407,35.17273611,126.9177528,堡林堡开矫
1408,35.17294722,126.9173333,堡林堡开矫
1409,35.13033889,126.9327861,堡林堡开矫
1410,35.16975278,126.9110389,堡林堡开矫
1413,35.12419167,126.8649167,堡林堡开矫
1414,35.12391389,126.863575,堡林堡开矫
1416,35.12575556,126.8695611,堡林堡开矫
1417,35.12559167,126.8701389,堡林堡开矫
1418,35.161925,126.929475,堡林堡开矫
1419,35.183328,126.797009,堡林堡开矫
1421,35.216423,126.80132,堡林堡开矫
1422,35.21340833,126.7948972,堡林堡开矫
1423,35.21323611,126.8005056,堡林堡开矫
1424,35.181806,126.795128,堡林堡开矫
1425,35.185214,126.794722,堡林堡开矫
1426,35.14190556,126.9174028,堡林堡开矫
1427,35.19181944,126.6700139,堡林堡开矫
1428,35.13450278,126.9274333,堡林堡开矫
1429,35.134789,126.926928,堡林堡开矫
1430,35.13699722,126.9252611,堡林堡开矫
1431,35.13665556,126.9252972,堡林堡开矫
1432,35.135827,126.921311,堡林堡开矫
1433,35.136048,126.922258,堡林堡开矫
1434,35.13311,126.947922,堡林堡开矫
1435,35.23295833,126.8584361,堡林堡开矫
1436,35.23309167,126.8585444,堡林堡开矫
1437,35.21366667,126.8169583,堡林堡开矫
1438,35.15713056,126.8692556,堡林堡开矫
1439,35.15688056,126.8690722,堡林堡开矫
1440,35.22811667,126.8576806,堡林堡开矫
1441,35.22801111,126.8577972,堡林堡开矫
1442,35.13335278,126.8593778,堡林堡开矫
1443,35.13347778,126.8590944,堡林堡开矫
1444,35.12102778,126.8811417,堡林堡开矫
1445,35.21038889,126.8961611,堡林堡开矫
1446,35.21023333,126.8951611,堡林堡开矫
1447,35.121125,126.8806528,堡林堡开矫
1448,35.19678611,126.7989333,堡林堡开矫
1449,35.15538333,126.8454556,堡林堡开矫
1450,35.15518056,126.8456222,堡林堡开矫
1451,35.04680833,126.999275,堡林堡开矫
1452,35.04697222,126.999275,堡林堡开矫
1453,35.06047222,126.9977639,堡林堡开矫
1454,35.06032778,126.9978028,堡林堡开矫
1455,35.12844,126.930521,堡林堡开矫
1456,35.128587,126.930109,堡林堡开矫
1457,35.20688611,126.8940639,堡林堡开矫
1458,35.20650556,126.8942,堡林堡开矫
1459,35.18598889,126.9051194,堡林堡开矫
1460,35.18496389,126.905675,堡林堡开矫
1461,35.18560278,126.9055306,堡林堡开矫
1463,35.14695278,126.7903,堡林堡开矫
1464,35.14681944,126.7903972,堡林堡开矫
1465,35.18426944,126.9071167,堡林堡开矫
1466,35.18412778,126.9071028,堡林堡开矫
1467,35.16610278,126.9143333,堡林堡开矫
1468,35.16602222,126.9138167,堡林堡开矫
1469,35.15745278,126.8748389,堡林堡开矫
1470,35.15765556,126.8737639,堡林堡开矫
1471,35.19533611,126.8767167,堡林堡开矫
1472,35.19524722,126.8769611,堡林堡开矫
1473,35.179823,126.814517,堡林堡开矫
1474,35.16178056,126.9076806,堡林堡开矫
1475,35.13250556,126.9253889,堡林堡开矫
1476,35.20349167,126.8940472,堡林堡开矫
1477,35.20423611,126.8942083,堡林堡开矫
1478,35.20686667,126.9011972,堡林堡开矫
1479,35.20986111,126.9012889,堡林堡开矫
1480,35.18143333,126.8954667,堡林堡开矫
1481,35.18176944,126.8954139,堡林堡开矫
1482,35.17905833,126.9175139,堡林堡开矫
1483,35.17892778,126.9186111,堡林堡开矫
1484,35.15431389,126.8766333,堡林堡开矫
1485,35.157798,126.865013,堡林堡开矫
1486,35.157961,126.865353,堡林堡开矫
1487,35.15393611,126.8767472,堡林堡开矫
1489,35.20240278,126.8008556,堡林堡开矫
1490,35.20220278,126.800825,堡林堡开矫
1491,35.15095833,126.8607778,堡林堡开矫
1493,35.15104444,126.8632194,堡林堡开矫
1494,35.15737214,126.9357588,堡林堡开矫
1495,35.15765278,126.9354028,堡林堡开矫
1497,35.15968611,126.8631528,堡林堡开矫
1498,35.21146944,126.8486333,堡林堡开矫
1499,35.21136667,126.8488083,堡林堡开矫
1500,35.22343889,126.8242667,堡林堡开矫
1501,35.21753611,126.8387611,堡林堡开矫
1502,35.126802,126.789745,堡林堡开矫
1503,35.126949,126.789686,堡林堡开矫
1504,35.12598611,126.85535,堡林堡开矫
1505,35.19906039,126.8382812,堡林堡开矫
1506,35.125806,126.855433,堡林堡开矫
1507,35.22330556,126.8242139,堡林堡开矫
1508,35.21011111,126.8512806,堡林堡开矫
1509,35.21008333,126.8514722,堡林堡开矫
1510,35.13170833,126.9359444,堡林堡开矫
1511,35.13208611,126.9353444,堡林堡开矫
1512,35.19679444,126.6664528,堡林堡开矫
1513,35.05441111,126.976375,堡林堡开矫
1514,35.03333611,127.0699083,堡林堡开矫
1515,35.03342778,127.070025,堡林堡开矫
1516,35.059625,126.9892583,堡林堡开矫
1517,35.05961389,126.9893861,堡林堡开矫
1518,35.06040278,126.9893639,堡林堡开矫
1520,35.05300278,126.9712556,堡林堡开矫
1521,35.06338611,126.9801111,堡林堡开矫
1522,35.063325,126.9800056,堡林堡开矫
1523,35.06035833,126.9940944,堡林堡开矫
1524,35.06051389,126.9941944,堡林堡开矫
1525,35.05960278,126.9825694,堡林堡开矫
1526,35.052375,126.9622583,堡林堡开矫
1527,35.031975,127.01455,堡林堡开矫
1528,35.06039722,126.9914917,堡林堡开矫
1529,35.06130556,126.9837444,堡林堡开矫
1532,35.05919722,127.0019667,堡林堡开矫
1533,35.05906389,127.0020667,堡林堡开矫
1534,35.06040278,126.9996333,堡林堡开矫
1535,35.06024722,127.00035,堡林堡开矫
1536,35.05699444,126.9797083,堡林堡开矫
1537,35.05562778,126.9790056,堡林堡开矫
1538,35.05568889,126.9831333,堡林堡开矫
1539,35.15453333,126.9695417,堡林堡开矫
1540,35.154375,126.9696333,堡林堡开矫
1541,35.133046,126.948146,堡林堡开矫
1542,35.14359167,126.8740167,堡林堡开矫
1543,35.13895278,126.8729861,堡林堡开矫
1544,35.13919444,126.8731694,堡林堡开矫
1545,35.15226111,126.8776778,堡林堡开矫
1546,35.15203611,126.8779306,堡林堡开矫
1549,35.15002222,126.8782583,堡林堡开矫
1550,35.15022778,126.8782722,堡林堡开矫
1551,35.147525,126.8842556,堡林堡开矫
1552,35.14770833,126.8848583,堡林堡开矫
1553,35.14533889,126.8821639,堡林堡开矫
1554,35.14548056,126.8822111,堡林堡开矫
1556,35.1553,126.8831556,堡林堡开矫
1557,35.155025,126.883617,堡林堡开矫
1558,35.19483611,126.8046472,堡林堡开矫
1559,35.20045556,126.795325,堡林堡开矫
1560,35.17813889,126.7173806,堡林堡开矫
1561,35.14484722,126.8646306,堡林堡开矫
1563,35.16844167,126.9132194,堡林堡开矫
1564,35.168525,126.9135806,堡林堡开矫
1566,35.19586667,126.7508556,堡林堡开矫
1568,35.17992778,126.809575,堡林堡开矫
1569,35.180224,126.807363,堡林堡开矫
1571,35.14011944,126.8585389,堡林堡开矫
1572,35.140561,126.858826,堡林堡开矫
1573,35.15608056,126.8551278,堡林堡开矫
1574,35.15606667,126.8548528,堡林堡开矫
1576,35.14364444,126.9071028,堡林堡开矫
1577,35.20145,126.8743139,堡林堡开矫
1578,35.20115833,126.8747639,堡林堡开矫
1579,35.14264167,126.8400611,堡林堡开矫
1580,35.19656944,126.7993444,堡林堡开矫
1581,35.20249167,126.9353583,堡林堡开矫
1583,35.14123056,126.8371917,堡林堡开矫
1584,35.17182222,126.8691333,堡林堡开矫
1585,35.12583056,126.7873694,堡林堡开矫
1589,35.15212222,126.7807472,堡林堡开矫
1591,35.15175278,126.7770389,堡林堡开矫
1592,35.15073611,126.7727361,堡林堡开矫
1593,35.149375,126.7685389,堡林堡开矫
1594,35.15121111,126.7565889,堡林堡开矫
1595,35.1517,126.7502333,堡林堡开矫
1596,35.154352,126.740175,堡林堡开矫
1598,35.15508889,126.7392472,堡林堡开矫
1599,35.15833611,126.7381861,堡林堡开矫
1601,35.16273056,126.7399028,堡林堡开矫
1603,35.15289167,126.7358889,堡林堡开矫
1604,35.15306944,126.731525,堡林堡开矫
1605,35.168,126.7293889,堡林堡开矫
1606,35.17264722,126.7279861,堡林堡开矫
1609,35.15659722,126.7219917,堡林堡开矫
1610,35.15895833,126.7163917,堡林堡开矫
1611,35.15967222,126.7111278,堡林堡开矫
1612,35.16091667,126.7078778,堡林堡开矫
1613,35.16285278,126.7012389,堡林堡开矫
1615,35.1667,126.7009806,堡林堡开矫
1616,35.17003611,126.7000194,堡林堡开矫
1618,35.16354722,126.6935944,堡林堡开矫
1619,35.16166667,126.6848167,堡林堡开矫
1620,35.16243889,126.6789028,堡林堡开矫
1621,35.16320556,126.6746833,堡林堡开矫
1622,35.16030833,126.6719306,堡林堡开矫
1623,35.15732778,126.6721056,堡林堡开矫
1625,35.15043889,126.6633167,堡林堡开矫
1626,35.15002778,126.6590972,堡林堡开矫
1630,35.1374,126.6733722,堡林堡开矫
1631,35.13837778,126.6671167,堡林堡开矫
1632,35.13640833,126.6635528,堡林堡开矫
1633,35.13746667,126.6614722,堡林堡开矫
1634,35.13898056,126.6599389,堡林堡开矫
1635,35.14242222,126.6607861,堡林堡开矫
1636,35.14863611,126.6592444,堡林堡开矫
1640,35.13416389,126.6770944,堡林堡开矫
1641,35.13033611,126.6789111,堡林堡开矫
1643,35.1205197,126.6839587,堡林堡开矫
1647,35.1155642,126.6846123,堡林堡开矫
1648,35.111716,126.691415,堡林堡开矫
1649,35.10980697,126.6928861,堡林堡开矫
1650,35.110945,126.699052,堡林堡开矫
1651,35.112764,126.705378,堡林堡开矫
1652,35.113641,126.712112,堡林堡开矫
1653,35.12132778,126.71575,堡林堡开矫
1654,35.12445,126.7077167,堡林堡开矫
1655,35.12383056,126.7000667,堡林堡开矫
1656,35.123975,126.6957639,堡林堡开矫
1657,35.12576667,126.6892333,堡林堡开矫
1658,35.12775,126.68445,堡林堡开矫
1659,35.12899167,126.6814361,堡林堡开矫
1660,35.12873478,126.6801173,堡林堡开矫
1661,35.12274444,126.7216417,堡林堡开矫
1662,35.12380556,126.7353389,堡林堡开矫
1663,35.12442778,126.7372861,堡林堡开矫
1664,35.126075,126.7424667,堡林堡开矫
1665,35.12627778,126.7448306,堡林堡开矫
1666,35.12609444,126.7559472,堡林堡开矫
1667,35.12536111,126.7584194,堡林堡开矫
1669,35.11787,126.780478,堡林堡开矫
1670,35.11183056,126.77945,堡林堡开矫
1671,35.10780833,126.7788083,堡林堡开矫
1672,35.10088611,126.7775583,堡林堡开矫
1673,35.09727222,126.7739222,堡林堡开矫
1674,35.09133889,126.7725722,堡林堡开矫
1675,35.08633889,126.7720917,堡林堡开矫
1676,35.08126111,126.7671,堡林堡开矫
1677,35.07411667,126.7697944,堡林堡开矫
1678,35.08138611,126.7671167,堡林堡开矫
1679,35.07332778,126.757975,堡林堡开矫
1680,35.06661389,126.7517806,堡林堡开矫
1681,35.06156944,126.7490444,堡林堡开矫
1682,35.05343056,126.7377222,堡林堡开矫
1683,35.05125278,126.7258889,堡林堡开矫
1684,35.04896389,126.7203222,堡林堡开矫
1688,35.035725,126.7199194,堡林堡开矫
1691,35.03582222,126.7207111,堡林堡开矫
1693,35.03628333,126.71695,堡林堡开矫
1694,35.03906667,126.7159444,堡林堡开矫
1695,35.03865278,126.7149889,堡林堡开矫
1696,35.03578056,126.7165306,堡林堡开矫
1698,35.04873889,126.7204694,堡林堡开矫
1699,35.050625,126.7229639,堡林堡开矫
1700,35.05205556,126.7312611,堡林堡开矫
1701,35.05332222,126.7378667,堡林堡开矫
1702,35.06083889,126.7485028,堡林堡开矫
1703,35.06637222,126.7518639,堡林堡开矫
1704,35.07386111,126.7589306,堡林堡开矫
1706,35.08677778,126.7725111,堡林堡开矫
1707,35.09141111,126.7727083,堡林堡开矫
1708,35.09815833,126.7750139,堡林堡开矫
1709,35.10176944,126.7779472,堡林堡开矫
1710,35.10720278,126.7788556,堡林堡开矫
1711,35.11088333,126.77945,堡林堡开矫
1713,35.141437,126.810752,堡林堡开矫
1716,35.139377,126.831185,堡林堡开矫
1717,35.13313611,126.8304722,堡林堡开矫
1718,35.12758056,126.8311528,堡林堡开矫
1719,35.12162222,126.8329056,堡林堡开矫
1720,35.11430833,126.8295722,堡林堡开矫
1721,35.11060556,126.8364778,堡林堡开矫
1723,35.11274722,126.8443167,堡林堡开矫
1724,35.11373611,126.8484056,堡林堡开矫
1726,35.113987,126.856128,堡林堡开矫
1727,35.115246,126.85905,堡林堡开矫
1729,35.117484,126.858137,堡林堡开矫
1732,35.119704,126.858924,堡林堡开矫
1733,35.12001,126.860707,堡林堡开矫
1734,35.11521389,126.8677694,堡林堡开矫
1735,35.11401111,126.8698917,堡林堡开矫
1738,35.10852222,126.8785333,堡林堡开矫
1739,35.10765833,126.8848806,堡林堡开矫
1740,35.11035011,126.8928671,堡林堡开矫
1744,35.11798611,126.898575,堡林堡开矫
1746,35.11103056,126.8941111,堡林堡开矫
1747,35.10810833,126.8854306,堡林堡开矫
1748,35.10889167,126.8784028,堡林堡开矫
1755,35.1141,126.8705556,堡林堡开矫
1756,35.11550556,126.8677083,堡林堡开矫
1757,35.11933759,126.863356,堡林堡开矫
1758,35.119337,126.858067,堡林堡开矫
1759,35.116452,126.85374,堡林堡开矫
1760,35.11417222,126.8489417,堡林堡开矫
1762,35.11069722,126.8287556,堡林堡开矫
1763,35.11015,126.82295,堡林堡开矫
1764,35.10745278,126.8209139,堡林堡开矫
1765,35.099538,126.821676,堡林堡开矫
1767,35.09751944,126.8240722,堡林堡开矫
1768,35.09238403,126.8274311,堡林堡开矫
1769,35.08217989,126.830977,堡林堡开矫
1770,35.081075,126.8334028,堡林堡开矫
1772,35.07676667,126.8270778,堡林堡开矫
1773,35.07400833,126.8225528,堡林堡开矫
1774,35.07332222,126.818525,堡林堡开矫
1775,35.07041389,126.8158722,堡林堡开矫
1777,35.05650618,126.8164355,堡林堡开矫
1778,35.06631389,126.8056722,堡林堡开矫
1780,35.064815,126.802842,堡林堡开矫
1781,35.05957222,126.8051306,堡林堡开矫
1783,35.05319167,126.8118444,堡林堡开矫
1785,35.06163611,126.7937778,堡林堡开矫
1786,35.06002222,126.7900694,堡林堡开矫
1787,35.05800556,126.7865167,堡林堡开矫
1788,35.05636944,126.7839861,堡林堡开矫
1789,35.06935556,126.8024389,堡林堡开矫
1790,35.07188333,126.8040639,堡林堡开矫
1791,35.074025,126.8036806,堡林堡开矫
1792,35.07591944,126.8041917,堡林堡开矫
1793,35.08258889,126.8076111,堡林堡开矫
1794,35.08595278,126.8078,堡林堡开矫
1795,35.08749722,126.8090833,堡林堡开矫
1797,35.09473333,126.81355,堡林堡开矫
1798,35.09676111,126.8159917,堡林堡开矫
1799,35.098612,126.818868,堡林堡开矫
1802,35.13278889,126.8317833,堡林堡开矫
1805,35.21391667,126.9485306,堡林堡开矫
1807,35.22261389,126.9583361,堡林堡开矫
1808,35.22316944,126.9632417,堡林堡开矫
1809,35.22242778,126.9669417,堡林堡开矫
1810,35.22232778,126.9733556,堡林堡开矫
1812,35.224075,126.978375,堡林堡开矫
1813,35.22499444,126.9846167,堡林堡开矫
1814,35.22497222,126.9917417,堡林堡开矫
1815,35.22858056,126.9973944,堡林堡开矫
1816,35.23351389,127.0117139,堡林堡开矫
1817,35.23757778,127.0146111,堡林堡开矫
1818,35.23965278,127.0186556,堡林堡开矫
1819,35.24153056,127.0227833,堡林堡开矫
1821,35.24514167,127.0251111,堡林堡开矫
1822,35.24990556,127.0381389,堡林堡开矫
1824,35.22846667,127.0051361,堡林堡开矫
1825,35.22404444,126.9778944,堡林堡开矫
1826,35.22256944,126.9741944,堡林堡开矫
1828,35.22249167,126.967025,堡林堡开矫
1829,35.22331667,126.9631889,堡林堡开矫
1830,35.22325833,126.9571528,堡林堡开矫
1831,35.21453929,126.9487959,堡林堡开矫
1832,35.23132778,126.9562611,堡林堡开矫
1833,35.23478056,126.9557417,堡林堡开矫
1834,35.23808056,126.9551222,堡林堡开矫
1835,35.25496944,126.9571972,堡林堡开矫
1836,35.26043333,126.9600861,堡林堡开矫
1838,35.264425,126.9586389,堡林堡开矫
1839,35.26939722,126.9587361,堡林堡开矫
1840,35.2765,126.9564861,堡林堡开矫
1855,35.30113333,126.9278333,堡林堡开矫
1857,35.29496111,126.9237139,堡林堡开矫
1858,35.29335278,126.9209194,堡林堡开矫
1860,35.28903889,126.9139194,堡林堡开矫
1861,35.28766667,126.9088611,堡林堡开矫
1863,35.28485,126.8979444,堡林堡开矫
1865,35.27812222,126.8905972,堡林堡开矫
1867,35.27464722,126.8885667,堡林堡开矫
1868,35.26055556,126.8898139,堡林堡开矫
1869,35.25160833,126.8909889,堡林堡开矫
1871,35.24637222,126.8875556,堡林堡开矫
1872,35.24433889,126.8905833,堡林堡开矫
1873,35.24222222,126.8977611,堡林堡开矫
1877,35.243207,126.910541,堡林堡开矫
1878,35.244187,126.914817,堡林堡开矫
1880,35.244154,126.915392,堡林堡开矫
1882,35.24568333,126.9191222,堡林堡开矫
1883,35.24661111,126.922625,堡林堡开矫
1884,35.24896944,126.9254556,堡林堡开矫
1885,35.24610556,126.9261806,堡林堡开矫
1886,35.23747778,126.932625,堡林堡开矫
1887,35.23518889,126.9350972,堡林堡开矫
1888,35.23168056,126.9421528,堡林堡开矫
1889,35.22687222,126.9450833,堡林堡开矫
1890,35.22325833,126.946425,堡林堡开矫
1891,35.21809167,126.9480667,堡林堡开矫
1892,35.21621389,126.9495083,堡林堡开矫
1893,35.25101389,126.9277444,堡林堡开矫
1894,35.25182222,126.9304417,堡林堡开矫
1895,35.25305556,126.9342417,堡林堡开矫
1896,35.25373611,126.9406056,堡林堡开矫
1897,35.25384167,126.9430083,堡林堡开矫
1898,35.25443889,126.94925,堡林堡开矫
1899,35.25305,126.9536444,堡林堡开矫
1900,35.24354722,126.9537361,堡林堡开矫
1901,35.23895,126.9545583,堡林堡开矫
1902,35.23582222,126.955025,堡林堡开矫
1903,35.23098056,126.9559778,堡林堡开矫
1904,35.17715278,127.0279028,堡林堡开矫
1905,35.17891944,127.0221333,堡林堡开矫
1906,35.18238056,127.0132944,堡林堡开矫
1907,35.18263611,127.0119222,堡林堡开矫
1910,35.18720278,127.0044361,堡林堡开矫
1912,35.18668333,127.0025667,堡林堡开矫
1913,35.18389167,127.0004861,堡林堡开矫
1914,35.18248333,126.9997056,堡林堡开矫
1915,35.180485,126.999056,堡林堡开矫
1916,35.16974444,126.9987833,堡林堡开矫
1917,35.16200556,126.9801861,堡林堡开矫
1918,35.10346389,126.8787222,堡林堡开矫
1919,35.100787,126.87781,堡林堡开矫
1920,35.10151,126.86949,堡林堡开矫
1921,35.101201,126.866377,堡林堡开矫
1922,35.09586111,126.8591333,堡林堡开矫
1924,35.08908889,126.8771167,堡林堡开矫
1925,35.08673889,126.8750417,堡林堡开矫
1926,35.08525,126.8679306,堡林堡开矫
1927,35.08729167,126.8614,堡林堡开矫
1928,35.08816111,126.8581944,堡林堡开矫
1929,35.08929444,126.8559444,堡林堡开矫
1930,35.08961944,126.8498111,堡林堡开矫
1931,35.08862222,126.844625,堡林堡开矫
1932,35.086625,126.8404833,堡林堡开矫
1933,35.08364167,126.8361944,堡林堡开矫
1934,35.081208,126.834087,堡林堡开矫
1936,35.07749722,126.8366611,堡林堡开矫
1937,35.07363056,126.8364861,堡林堡开矫
1938,35.05864167,126.835325,堡林堡开矫
1939,35.05419167,126.8357222,堡林堡开矫
1940,35.05085278,126.8384611,堡林堡开矫
1942,35.04683889,126.8404917,堡林堡开矫
1943,35.04544167,126.8426333,堡林堡开矫
1945,35.03852778,126.8420778,堡林堡开矫
1946,35.034925,126.8369806,堡林堡开矫
1948,35.03014444,126.8329917,堡林堡开矫
1949,35.02625833,126.8321222,堡林堡开矫
1951,35.01984167,126.8284167,堡林堡开矫
1952,35.01728611,126.8265389,堡林堡开矫
1953,35.01437222,126.82435,堡林堡开矫
1954,35.00941111,126.821275,堡林堡开矫
1957,34.997675,126.8207944,堡林堡开矫
1958,35.00325833,126.8216472,堡林堡开矫
1960,35.017125,126.8262028,堡林堡开矫
1961,35.02608056,126.8321222,堡林堡开矫
1962,35.02845278,126.8331667,堡林堡开矫
1965,35.04650833,126.8383694,堡林堡开矫
1967,35.05678889,126.8350361,堡林堡开矫
1968,35.06960278,126.835325,堡林堡开矫
1971,35.08353056,126.8362778,堡林堡开矫
1972,35.08635833,126.8401472,堡林堡开矫
1974,35.08960278,126.8499722,堡林堡开矫
1975,35.08716944,126.8616667,堡林堡开矫
1976,35.08527778,126.8724306,堡林堡开矫
1977,35.08981111,126.8772167,堡林堡开矫
1978,35.10052,126.878168,堡林堡开矫
1979,35.10328611,126.8788917,堡林堡开矫
1980,35.11003056,126.8964306,堡林堡开矫
1981,35.107166,126.897054,堡林堡开矫
1983,35.02164167,127.0768611,堡林堡开矫
1989,35.20779167,126.7676167,堡林堡开矫
1990,35.186375,126.7824778,堡林堡开矫
1991,35.20685,126.6868361,堡林堡开矫
1992,35.10005563,126.8951047,堡林堡开矫
1993,35.10364444,126.8975361,堡林堡开矫
1994,35.26985278,126.8294917,堡林堡开矫
1995,35.18899167,126.7617583,堡林堡开矫
1996,35.09906389,126.9050528,堡林堡开矫
1997,35.20052222,126.6652611,堡林堡开矫
1999,35.26239722,126.7881917,堡林堡开矫
2000,35.20555278,126.663575,堡林堡开矫
2001,35.241725,126.8112583,堡林堡开矫
2002,34.98651389,126.9600639,堡林堡开矫
2003,34.99006667,126.9585694,堡林堡开矫
2004,35.01251667,126.9535111,堡林堡开矫
2005,34.98851667,126.9585167,堡林堡开矫
2006,35.09395556,126.8988944,堡林堡开矫
2007,35.25656944,126.7792722,堡林堡开矫
2008,35.20970833,126.6890472,堡林堡开矫
2009,35.16995278,126.684175,堡林堡开矫
2010,35.18273056,126.6794611,堡林堡开矫
2011,35.20255833,126.6650722,堡林堡开矫
2012,35.01676111,126.9528333,堡林堡开矫
2014,35.26685833,126.8274167,堡林堡开矫
2015,35.20279444,126.7539306,堡林堡开矫
2016,35.17111389,126.7027944,堡林堡开矫
2017,35.19305556,126.7744,堡林堡开矫
2018,35.21068056,126.7839556,堡林堡开矫
2019,35.02466389,126.9510917,堡林堡开矫
2021,35.24411389,126.7815306,堡林堡开矫
2022,35.050025,126.9669972,堡林堡开矫
2023,35.05308,126.965688,堡林堡开矫
2024,35.20341944,126.7668778,堡林堡开矫
2025,35.21268056,126.6585556,堡林堡开矫
2026,35.20603056,126.7633139,堡林堡开矫
2027,35.17971111,126.7256806,堡林堡开矫
2028,35.195975,126.6820361,堡林堡开矫
2029,35.179215,126.723215,堡林堡开矫
2030,35.18124167,126.7306028,堡林堡开矫
2031,35.17644444,126.7120278,堡林堡开矫
2032,35.23752778,126.803325,堡林堡开矫
2033,35.22191389,126.8247944,堡林堡开矫
2034,35.19221667,126.7462611,堡林堡开矫
2037,35.23721111,126.8215139,堡林堡开矫
2038,35.22275,126.7366639,堡林堡开矫
2039,35.27086,126.862422,堡林堡开矫
2043,35.23015556,126.7368472,堡林堡开矫
2044,35.21798611,126.7496944,堡林堡开矫
2045,35.07438333,126.91365,堡林堡开矫
2046,35.05577778,126.9888778,堡林堡开矫
2047,35.18438611,126.6751111,堡林堡开矫
2048,35.25792222,126.8163556,堡林堡开矫
2049,35.18493056,126.7347611,堡林堡开矫
2050,35.19528611,126.7706778,堡林堡开矫
2051,35.19092222,126.7649472,堡林堡开矫
2052,35.18707778,126.6822333,堡林堡开矫
2053,35.20139167,126.6827694,堡林堡开矫
2055,35.22588611,126.73575,堡林堡开矫
2056,35.20769722,126.7782278,堡林堡开矫
2057,35.20445833,126.7725222,堡林堡开矫
2058,35.04193611,126.9628611,堡林堡开矫
2059,35.03903611,126.9626194,堡林堡开矫
2060,35.03476389,126.9609194,堡林堡开矫
2061,35.16950278,126.6951361,堡林堡开矫
2062,35.2503,126.7428139,堡林堡开矫
2063,35.19104444,126.6742111,堡林堡开矫
2064,35.240875,126.730275,堡林堡开矫
2066,35.18406667,126.7532972,堡林堡开矫
2067,35.19832778,126.7671444,堡林堡开矫
2068,35.00854444,126.9572806,堡林堡开矫
2069,35.23633056,126.7380222,堡林堡开矫
2070,35.19834444,126.6812278,堡林堡开矫
2071,35.23825278,126.8180583,堡林堡开矫
2072,35.24446111,126.8637222,堡林堡开矫
2073,35.20762778,126.7521444,堡林堡开矫
2074,35.21985,126.7429583,堡林堡开矫
2075,35.21648889,126.7527944,堡林堡开矫
2076,35.21925278,126.7446833,堡林堡开矫
2077,35.21868889,126.7457361,堡林堡开矫
2078,35.22056389,126.7408694,堡林堡开矫
2079,35.21516111,126.7468194,堡林堡开矫
2081,35.18856944,126.7402139,堡林堡开矫
2082,35.25046944,126.7716889,堡林堡开矫
2083,35.2618,126.8448417,堡林堡开矫
2084,35.18347944,126.7890092,堡林堡开矫
2085,35.24460278,126.7400667,堡林堡开矫
2086,35.23846667,126.7384417,堡林堡开矫
2089,35.24351667,126.8126944,堡林堡开矫
2090,35.19012778,126.74265,堡林堡开矫
2091,35.18725278,126.7373,堡林堡开矫
2093,35.21115556,126.7885722,堡林堡开矫
2094,35.21368611,126.7905944,堡林堡开矫
2095,35.20713611,126.7708361,堡林堡开矫
2096,35.00290278,126.9589056,堡林堡开矫
2097,35.21048889,126.7611778,堡林堡开矫
2100,35.16763889,126.6906417,堡林堡开矫
2101,35.24049722,126.7896472,堡林堡开矫
2103,35.21333611,126.7948889,堡林堡开矫
2104,35.19177778,126.6700083,堡林堡开矫
2106,35.19676667,126.6663833,堡林堡开矫
2107,35.05436111,126.9764194,堡林堡开矫
2108,35.06055556,126.9893556,堡林堡开矫
2110,35.05293056,126.9712556,堡林堡开矫
2111,35.059575,126.9826139,堡林堡开矫
2112,35.06053056,126.9915,堡林堡开矫
2113,35.06129167,126.9838194,堡林堡开矫
2114,35.05695556,126.9797611,堡林堡开矫
2115,35.05568889,126.9790056,堡林堡开矫
2116,35.05575278,126.9831417,堡林堡开矫
2117,35.178075,126.7174111,堡林堡开矫
2118,35.19583611,126.7509083,堡林堡开矫
2119,35.15833611,126.7381389,堡林堡开矫
2121,35.15283056,126.7358972,堡林堡开矫
2122,35.153,126.731525,堡林堡开矫
2123,35.16798056,126.7293278,堡林堡开矫
2124,35.17262778,126.7279167,堡林堡开矫
2125,35.15654444,126.7219611,堡林堡开矫
2126,35.15888056,126.7164139,堡林堡开矫
2127,35.15960556,126.7111194,堡林堡开矫
2128,35.16084722,126.7078611,堡林堡开矫
2129,35.161575,126.6848306,堡林堡开矫
2130,35.16236667,126.6788806,堡林堡开矫
2131,35.16315278,126.6746694,堡林堡开矫
2132,35.16030556,126.6719917,堡林堡开矫
2133,35.15734167,126.672175,堡林堡开矫
2135,35.150375,126.6633389,堡林堡开矫
2136,35.14997778,126.6591139,堡林堡开矫
2140,35.13733611,126.6733861,堡林堡开矫
2141,35.13833611,126.6671778,堡林堡开矫
2142,35.13633333,126.6635528,堡林堡开矫
2143,35.13741389,126.6614028,堡林堡开矫
2144,35.13897222,126.6598861,堡林堡开矫
2145,35.14243333,126.660725,堡林堡开矫
2146,35.148625,126.6591917,堡林堡开矫
2149,35.13419722,126.6771639,堡林堡开矫
2150,35.13035278,126.6789639,堡林堡开矫
2153,35.10835627,126.6849397,堡林堡开矫
2156,35.11567387,126.6842505,堡林堡开矫
2162,35.12135556,126.7157583,堡林堡开矫
2163,35.12438333,126.707725,堡林堡开矫
2164,35.12374444,126.7000889,堡林堡开矫
2165,35.1239,126.6957417,堡林堡开矫
2166,35.12569722,126.6892111,堡林堡开矫
2167,35.12768056,126.6844278,堡林堡开矫
2168,35.128925,126.6814056,堡林堡开矫
2169,35.12865729,126.6801585,堡林堡开矫
2170,35.12280833,126.7216333,堡林堡开矫
2171,35.12386667,126.7353083,堡林堡开矫
2172,35.12449444,126.7372556,堡林堡开矫
2173,35.12614722,126.7424361,堡林堡开矫
2174,35.12636389,126.7448222,堡林堡开矫
2175,35.12615556,126.7559611,堡林堡开矫
2176,35.12543056,126.7584722,堡林堡开矫
2177,35.12455278,126.7614083,堡林堡开矫
2180,35.12758056,126.8312194,堡林堡开矫
2181,35.12163611,126.8329667,堡林堡开矫
2182,35.11430833,126.8296417,堡林堡开矫
2183,35.11065833,126.8364556,堡林堡开矫
2185,35.11276389,126.8443778,堡林堡开矫
2186,35.11423,126.856196,堡林堡开矫
2187,35.11529167,126.8587139,堡林堡开矫
2188,35.117269,126.857789,堡林堡开矫
2190,35.11065833,126.8287639,堡林堡开矫
2191,35.11008333,126.8229722,堡林堡开矫
2192,35.10745278,126.8209667,堡林堡开矫
2193,35.099533,126.821765,堡林堡开矫
2195,35.09755,126.8241333,堡林堡开矫
2196,35.09237357,126.8277487,堡林堡开矫
2197,35.0820372,126.8313754,堡林堡开矫
2198,35.08116522,126.8335964,堡林堡开矫
2200,35.07672778,126.8271389,堡林堡开矫
2201,35.07394722,126.8225917,堡林堡开矫
2202,35.07326111,126.8185722,堡林堡开矫
2203,35.07037222,126.81595,堡林堡开矫
2206,35.06626944,126.8057028,堡林堡开矫
2207,35.064699,126.802898,堡林堡开矫
2209,35.05960833,126.8051611,堡林堡开矫
2211,35.05322222,126.8118444,堡林堡开矫
2213,35.06156944,126.7938167,堡林堡开矫
2214,35.05995833,126.7901167,堡林堡开矫
2215,35.05794722,126.7865778,堡林堡开矫
2216,35.05631667,126.7840472,堡林堡开矫
2217,35.06936944,126.8024,堡林堡开矫
2218,35.07188056,126.8040472,堡林堡开矫
2219,35.07402778,126.8036583,堡林堡开矫
2220,35.075925,126.8041778,堡林堡开矫
2221,35.08259167,126.8075889,堡林堡开矫
2222,35.08595278,126.8077694,堡林堡开矫
2223,35.08749444,126.8090528,堡林堡开矫
2225,35.09471944,126.8135361,堡林堡开矫
2226,35.096775,126.8159694,堡林堡开矫
2227,35.098607,126.818895,堡林堡开矫
2229,35.22503056,126.9917194,堡林堡开矫
2230,35.22864167,126.9973861,堡林堡开矫
2231,35.23355278,127.0116528,堡林堡开矫
2232,35.2376,127.0145361,堡林堡开矫
2233,35.24159722,127.0227306,堡林堡开矫
2235,35.24520278,127.0250944,堡林堡开矫
2236,35.249875,127.0382,堡林堡开矫
2237,35.26936111,126.958675,堡林堡开矫
2253,35.29493333,126.9237667,堡林堡开矫
2254,35.29331111,126.9209806,堡林堡开矫
2256,35.28895833,126.9139417,堡林堡开矫
2257,35.28760833,126.9089,堡林堡开矫
2258,35.28613333,126.9022694,堡林堡开矫
2259,35.28481667,126.8979889,堡林堡开矫
2261,35.278075,126.8906361,堡林堡开矫
2263,35.27463889,126.8886278,堡林堡开矫
2264,35.26056667,126.889875,堡林堡开矫
2266,35.246563,126.887869,堡林堡开矫
2267,35.24439167,126.8906528,堡林堡开矫
2270,35.25027222,126.9041778,堡林堡开矫
2271,35.243354,126.910597,堡林堡开矫
2272,35.244393,126.914834,堡林堡开矫
2274,35.244065,126.915189,堡林堡开矫
2276,35.24585,126.9190694,堡林堡开矫
2277,35.24676111,126.9225333,堡林堡开矫
2278,35.24904444,126.9253556,堡林堡开矫
2279,35.24610556,126.9262333,堡林堡开矫
2280,35.23752778,126.9326778,堡林堡开矫
2281,35.23518889,126.9352333,堡林堡开矫
2282,35.23156111,126.9420694,堡林堡开矫
2283,35.22693056,126.9452056,堡林堡开矫
2284,35.22331389,126.9465556,堡林堡开矫
2285,35.21809167,126.9481972,堡林堡开矫
2286,35.25109444,126.9276139,堡林堡开矫
2287,35.25186944,126.9304333,堡林堡开矫
2288,35.25310278,126.9342417,堡林堡开矫
2289,35.25384722,126.9405889,堡林堡开矫
2290,35.25396111,126.943,堡林堡开矫
2291,35.25453333,126.9492944,堡林堡开矫
2292,35.17708889,127.0278722,堡林堡开矫
2293,35.17885833,127.0221278,堡林堡开矫
2294,35.18256667,127.0119139,堡林堡开矫
2297,35.18716111,127.0043917,堡林堡开矫
2299,35.18662222,127.0025972,堡林堡开矫
2300,35.18389167,127.0005389,堡林堡开矫
2301,35.18246667,126.9997528,堡林堡开矫
2302,35.180478,126.999128,堡林堡开矫
2303,35.16975,126.9989222,堡林堡开矫
2304,35.16195833,126.9802306,堡林堡开矫
2305,35.10145,126.8691,堡林堡开矫
2306,35.101036,126.866313,堡林堡开矫
2307,35.09586667,126.8591556,堡林堡开矫
2309,35.08519444,126.8678917,堡林堡开矫
2310,35.08921944,126.8559056,堡林堡开矫
2311,35.088644,126.845164,堡林堡开矫
2312,35.07360833,126.8365472,堡林堡开矫
2313,35.05865,126.8353778,堡林堡开矫
2314,35.05419722,126.8357833,堡林堡开矫
2315,35.05090278,126.8384833,堡林堡开矫
2317,35.04686667,126.8404833,堡林堡开矫
2318,35.04546111,126.8426639,堡林堡开矫
2320,35.03850833,126.8421472,堡林堡开矫
2321,35.03487222,126.8370028,堡林堡开矫
2323,35.03010833,126.8330667,堡林堡开矫
2326,35.01984444,126.8284833,堡林堡开矫
2328,35.01434444,126.8243806,堡林堡开矫
2329,35.00937778,126.82135,堡林堡开矫
2332,34.99768056,126.8209389,堡林堡开矫
2333,35.00321667,126.8215333,堡林堡开矫
2336,35.0613,126.9863528,堡林堡开矫
2337,35.0935898,126.9416885,堡林堡开矫
2338,35.10576944,126.9375972,堡林堡开矫
2339,35.08895556,126.9471694,堡林堡开矫
2341,35.06924722,126.9753528,堡林堡开矫
2342,35.05405278,126.9978722,堡林堡开矫
2343,35.24114167,126.8154028,堡林堡开矫
2344,35.13549167,126.9175389,堡林堡开矫
2345,35.27379722,126.8302611,堡林堡开矫
2346,35.26528056,126.8385778,堡林堡开矫
2347,35.30105,126.9278944,堡林堡开矫
2348,35.251575,126.8910278,堡林堡开矫
2350,35.26205556,126.8222,堡林堡开矫
2351,35.23217524,126.7293366,堡林堡开矫
2354,35.24231389,126.8976528,堡林堡开矫
2355,35.10246944,126.9393972,堡林堡开矫
2356,35.23971667,127.018625,堡林堡开矫
2357,35.18233056,127.0132556,堡林堡开矫
2358,35.26271944,126.8410194,堡林堡开矫
2359,35.25151389,126.86305,堡林堡开矫
2360,35.15504167,126.7391917,堡林堡开矫
2361,35.18616111,126.9236389,堡林堡开矫
2362,35.17953056,126.6821,堡林堡开矫
2513,35.221225,126.8283944,堡林堡开矫
2523,35.19167322,126.8513524,堡林堡开矫
2525,35.18946389,126.8577111,堡林堡开矫
2527,35.20683056,126.8428639,堡林堡开矫
2534,35.21938611,126.8420111,堡林堡开矫
2547,35.15144167,126.9135556,堡林堡开矫
2548,35.27271944,126.8333972,堡林堡开矫
2549,35.21515833,126.9001528,堡林堡开矫
2551,35.25933333,126.8637278,堡林堡开矫
2574,35.22461944,126.8410111,堡林堡开矫
2602,35.23508611,126.8669778,堡林堡开矫
2604,35.23438056,126.8603833,堡林堡开矫
2605,35.226266,126.852791,堡林堡开矫
2612,35.20901389,126.8144417,堡林堡开矫
2617,35.225176,126.853085,堡林堡开矫
2621,35.19899167,126.8383972,堡林堡开矫
2628,35.182663,126.794791,堡林堡开矫
2631,35.22909,126.898809,堡林堡开矫
2632,35.19788333,126.8726361,堡林堡开矫
2657,35.17277222,126.8885861,堡林堡开矫
2667,35.0961037,126.9406891,堡林堡开矫
2669,34.99201111,126.9579833,堡林堡开矫
2671,35.19078889,126.9266222,堡林堡开矫
2673,35.14933333,126.9364417,堡林堡开矫
2677,35.16348056,126.6935639,堡林堡开矫
2687,35.133475,126.9180722,堡林堡开矫
2690,35.094001,126.962321,堡林堡开矫
2691,35.091165,126.955625,堡林堡开矫
2703,35.15236111,126.8996861,堡林堡开矫
2710,35.13015,126.8947611,堡林堡开矫
2716,35.21349444,126.7569583,堡林堡开矫
2718,35.16744555,126.8380112,堡林堡开矫
2723,35.16655,126.7009639,堡林堡开矫
2724,35.16281667,126.7003083,堡林堡开矫
2725,35.154302,126.740269,堡林堡开矫
2726,35.15160833,126.7503694,堡林堡开矫
2727,35.15102222,126.7566861,堡林堡开矫
2728,35.14916111,126.7682583,堡林堡开矫
2729,35.15060833,126.7728056,堡林堡开矫
2732,35.229539,126.733335,堡林堡开矫
2733,35.26448333,126.9586139,堡林堡开矫
2734,35.21673889,126.805575,堡林堡开矫
2735,35.25206389,126.9554528,堡林堡开矫
2736,35.220006,126.831417,堡林堡开矫
2751,35.124331,126.852703,堡林堡开矫
2753,35.13688889,126.9040889,堡林堡开矫
2754,35.13680833,126.9044167,堡林堡开矫
2755,35.13628056,126.9081778,堡林堡开矫
2756,35.13603333,126.9085361,堡林堡开矫
2757,35.13499722,126.9104444,堡林堡开矫
2758,35.13504444,126.91065,堡林堡开矫
2759,35.13688333,126.9136333,堡林堡开矫
2760,35.13689444,126.9139222,堡林堡开矫
2761,35.13773056,126.9167306,堡林堡开矫
2762,35.13824722,126.9176611,堡林堡开矫
2765,35.162425,126.9201333,堡林堡开矫
2766,35.16373056,126.9196917,堡林堡开矫
2767,35.16375556,126.9233417,堡林堡开矫
2768,35.162475,126.9277528,堡林堡开矫
2769,35.16397778,126.9231972,堡林堡开矫
2770,35.16369444,126.9195528,堡林堡开矫
2771,35.16229444,126.920025,堡林堡开矫
2772,35.14983889,126.9096361,堡林堡开矫
2773,35.152471,126.906487,堡林堡开矫
2774,35.15391667,126.9044389,堡林堡开矫
2775,35.15591944,126.9019222,堡林堡开矫
2776,35.158585,126.894939,堡林堡开矫
2777,35.159689,126.897544,堡林堡开矫
2778,35.15851389,126.9016861,堡林堡开矫
2779,35.15780833,126.9040111,堡林堡开矫
2780,35.159414,126.901252,堡林堡开矫
2781,35.159795,126.898076,堡林堡开矫
2782,35.158754,126.896654,堡林堡开矫
2783,35.15429167,126.9035917,堡林堡开矫
2784,35.15183889,126.9058056,堡林堡开矫
2785,35.14842222,126.909825,堡林堡开矫
2786,35.14038333,126.9177306,堡林堡开矫
2794,35.12075556,126.9313639,堡林堡开矫
2828,35.14556,126.909608,堡林堡开矫
2829,35.14498056,126.9090333,堡林堡开矫
2831,35.15824722,126.8483389,堡林堡开矫
2832,35.15795833,126.8482167,堡林堡开矫
2835,35.156425,126.8483611,堡林堡开矫
2836,35.15586667,126.8482472,堡林堡开矫
2842,35.15900731,126.9312146,堡林堡开矫
2843,35.159175,126.9308194,堡林堡开矫
2847,35.174383,126.882369,堡林堡开矫
2848,35.16180278,126.9292389,堡林堡开矫
2849,35.16271389,126.9276611,堡林堡开矫
2867,35.17446111,126.8826139,堡林堡开矫
2872,35.16109722,126.8850778,堡林堡开矫
2873,35.16129167,126.8856972,堡林堡开矫
2876,35.14840116,126.848689,堡林堡开矫
2877,35.14871944,126.8481861,堡林堡开矫
2878,35.1951322,126.8470861,堡林堡开矫
2879,35.19507843,126.8467027,堡林堡开矫
2880,35.19868056,126.8439056,堡林堡开矫
2887,35.17571111,126.8705611,堡林堡开矫
2889,35.17228611,126.860475,堡林堡开矫
2890,35.17771944,126.8366583,堡林堡开矫
2893,35.173816,126.852454,堡林堡开矫
2894,35.172153,126.860016,堡林堡开矫
2895,35.17506111,126.8706056,堡林堡开矫
2896,35.15156111,126.7766972,堡林堡开矫
2910,35.21681111,126.8055611,堡林堡开矫
2916,35.190363,126.804703,堡林堡开矫
2919,35.21135833,126.8458167,堡林堡开矫
2926,35.215907,126.90221,堡林堡开矫
2933,35.21858889,126.8324083,堡林堡开矫
2937,35.17258333,126.9121444,堡林堡开矫
2938,35.16827222,126.9326722,堡林堡开矫
2939,35.12552778,126.9091778,堡林堡开矫
2942,35.19868056,126.8438611,堡林堡开矫
2945,35.21101944,126.8756389,堡林堡开矫
2946,35.208325,126.878839,堡林堡开矫
2947,35.20672933,126.8755706,堡林堡开矫
2948,35.20662778,126.8755917,堡林堡开矫
2949,35.208153,126.878966,堡林堡开矫
2950,35.21106111,126.8755778,堡林堡开矫
2951,35.18676667,126.9165056,堡林堡开矫
2952,35.19092222,126.9267222,堡林堡开矫
2953,35.15636389,126.910825,堡林堡开矫
2955,35.12243333,126.8614,堡林堡开矫
2957,35.12187778,126.86105,堡林堡开矫
2958,35.18273611,126.9309944,堡林堡开矫
2959,35.18276111,126.9313139,堡林堡开矫
2960,35.18469444,126.9322306,堡林堡开矫
2961,35.18468333,126.9324833,堡林堡开矫
2962,35.18831667,126.9337639,堡林堡开矫
2964,35.131575,126.902565,堡林堡开矫
2965,35.15246944,126.8482167,堡林堡开矫
2966,35.1522,126.8482917,堡林堡开矫
2971,35.14454,126.914496,堡林堡开矫
2972,35.15623056,126.8921944,堡林堡开矫
2973,35.15654,126.892633,堡林堡开矫
2975,35.144134,126.91387,堡林堡开矫
2976,35.148256,126.939872,堡林堡开矫
2977,35.148143,126.939854,堡林堡开矫
2978,35.149165,126.944466,堡林堡开矫
2979,35.14828056,126.9317944,堡林堡开矫
2980,35.14823333,126.9317722,堡林堡开矫
2981,35.14766944,126.9356028,堡林堡开矫
2985,35.18091111,126.9021417,堡林堡开矫
2986,35.19522222,126.8414028,堡林堡开矫
2987,35.21244444,126.8812917,堡林堡开矫
2988,35.21286111,126.8814222,堡林堡开矫
2989,35.17513889,126.8640667,堡林堡开矫
2990,35.17958889,126.8719861,堡林堡开矫
2991,35.17955,126.8721306,堡林堡开矫
2993,35.15941,126.895079,堡林堡开矫
2995,35.1167,126.855043,堡林堡开矫
2996,35.17008859,126.8638365,堡林堡开矫
2997,35.17006944,126.8635778,堡林堡开矫
2998,35.18224167,126.8905306,堡林堡开矫
2999,35.16459167,126.8529472,堡林堡开矫
3000,35.164475,126.8529472,堡林堡开矫
3001,35.165825,126.8546,堡林堡开矫
3002,35.16573611,126.8546833,堡林堡开矫
3003,35.07768611,126.8366667,堡林堡开矫
3004,35.08130278,126.8344472,堡林堡开矫
3005,35.08826944,126.8578278,堡林堡开矫
3009,35.11035556,126.8811722,堡林堡开矫
3012,35.12216667,126.9070639,堡林堡开矫
3013,35.122125,126.9071333,堡林堡开矫
3014,35.113249,126.903723,堡林堡开矫
3016,35.11215278,126.9005139,堡林堡开矫
3018,35.12587218,126.9132771,堡林堡开矫
3023,35.09990833,126.8855667,堡林堡开矫
3026,35.15697778,126.9396528,堡林堡开矫
3027,35.21511111,126.9297056,堡林堡开矫
3028,35.20656667,126.9314361,堡林堡开矫
3029,35.16055833,126.9239306,堡林堡开矫
3034,35.23342651,126.8893446,堡林堡开矫
3035,35.22948657,126.8853327,堡林堡开矫
3041,35.21648889,126.8811778,堡林堡开矫
3042,35.21630278,126.8814056,堡林堡开矫
3044,35.19740278,126.9534444,堡林堡开矫
3045,35.18349,126.797043,堡林堡开矫
3047,35.160944,126.893999,堡林堡开矫
3048,35.160606,126.894107,堡林堡开矫
3050,35.180088,126.810953,堡林堡开矫
3051,35.180028,126.806694,堡林堡开矫
3082,35.206729,126.804616,堡林堡开矫
3088,35.18835,126.7949194,堡林堡开矫
3093,35.185215,126.79499,堡林堡开矫
3094,35.188375,126.7951028,堡林堡开矫
3095,35.206577,126.804356,堡林堡开矫
3096,35.220243,126.831546,堡林堡开矫
3098,35.244156,126.879507,堡林堡开矫
3099,35.24077778,126.8692306,堡林堡开矫
3100,35.24186667,126.872175,堡林堡开矫
3101,35.24182778,126.8722194,堡林堡开矫
3102,35.236655,126.893401,堡林堡开矫
3105,35.1979,126.8752056,堡林堡开矫
3116,35.117621,126.780735,堡林堡开矫
3124,35.052275,126.9621917,堡林堡开矫
3132,35.03070556,127.0420194,堡林堡开矫
3138,34.99941389,126.8205417,堡林堡开矫
3139,34.99938333,126.8206944,堡林堡开矫
3140,35.00705833,126.8199083,堡林堡开矫
3142,35.06961111,126.8352556,堡林堡开矫
3143,35.05676944,126.834975,堡林堡开矫
3144,35.00706111,126.8198417,堡林堡开矫
3146,35.22841389,127.0051583,堡林堡开矫
3148,35.22506111,126.9846083,堡林堡开矫
3151,35.26609722,126.9028194,堡林堡开矫
3152,35.26191111,126.8974472,堡林堡开矫
3156,35.235586,126.894131,堡林堡开矫
3157,35.26187778,126.8975,堡林堡开矫
3158,35.26608611,126.9028722,堡林堡开矫
3160,35.27680278,126.8885972,堡林堡开矫
3161,35.15562222,126.9317722,堡林堡开矫
3162,35.15640833,126.9313917,堡林堡开矫
3165,35.24616111,126.7783194,堡林堡开矫
3166,35.24619167,126.7784778,堡林堡开矫
3167,35.23709444,126.7949361,堡林堡开矫
3168,35.23709444,126.7947222,堡林堡开矫
3177,35.26555,126.864325,堡林堡开矫
3178,35.265575,126.8644222,堡林堡开矫
3179,35.226975,126.848175,堡林堡开矫
3180,35.22659444,126.8475333,堡林堡开矫
3181,35.22576944,126.8447194,堡林堡开矫
3182,35.22558056,126.8445056,堡林堡开矫
3183,35.2179,126.8513194,堡林堡开矫
3184,35.21756667,126.8511722,堡林堡开矫
3185,35.21783889,126.8453528,堡林堡开矫
3186,35.21754167,126.8451472,堡林堡开矫
3189,35.15560278,126.931575,堡林堡开矫
3192,35.148679,126.91785,堡林堡开矫
3193,35.22193333,126.8411472,堡林堡开矫
3194,35.22199167,126.8409111,堡林堡开矫
3195,35.13159444,126.9287611,堡林堡开矫
3196,35.12163056,126.8591194,堡林堡开矫
3197,35.13644167,126.9008917,堡林堡开矫
3198,35.23437778,126.8605972,堡林堡开矫
3199,35.23409722,126.8641667,堡林堡开矫
3200,35.23397222,126.8642361,堡林堡开矫
3201,35.23506389,126.8671611,堡林堡开矫
3202,35.236854,126.893648,堡林堡开矫
3203,35.199384,126.870028,堡林堡开矫
3204,35.199462,126.869878,堡林堡开矫
3205,35.203142,126.870246,堡林堡开矫
3206,35.203224,126.870141,堡林堡开矫
3207,35.20629444,126.8709639,堡林堡开矫
3208,35.20633889,126.8708194,堡林堡开矫
3210,35.235746,126.893748,堡林堡开矫
3211,35.231785,126.896772,堡林堡开矫
3212,35.232311,126.895902,堡林堡开矫
3214,35.18728333,126.8648389,堡林堡开矫
3217,35.21151389,126.8456639,堡林堡开矫
3219,35.11255001,126.8968622,堡林堡开矫
3228,35.15197778,126.7796028,堡林堡开矫
3232,35.15473889,126.8916361,堡林堡开矫
3233,35.15454722,126.8903972,堡林堡开矫
3249,35.20748333,126.7956306,堡林堡开矫
3250,35.20764444,126.7954694,堡林堡开矫
3251,35.206187,126.801428,堡林堡开矫
3252,35.206015,126.801587,堡林堡开矫
3262,35.19614444,126.8998306,堡林堡开矫
3272,35.21753889,126.8550861,堡林堡开矫
3273,35.21790833,126.8551611,堡林堡开矫
3274,35.14710833,126.8389694,堡林堡开矫
3275,35.14704722,126.8387639,堡林堡开矫
3276,35.179483,126.815733,堡林堡开矫
3277,35.09019,126.950915,堡林堡开矫
3278,35.089978,126.950683,堡林堡开矫
3281,35.160417,126.892024,堡林堡开矫
3282,35.160371,126.891327,堡林堡开矫
3283,35.155161,126.901354,堡林堡开矫
3288,35.16612222,126.8474083,堡林堡开矫
3289,35.16604167,126.847475,堡林堡开矫
3293,35.09339444,126.8147194,堡林堡开矫
3294,35.09341944,126.8147194,堡林堡开矫
3297,35.09923955,126.8734124,堡林堡开矫
3298,35.0990977,126.8732092,堡林堡开矫
3299,35.10260833,126.8551139,堡林堡开矫
3300,35.14916389,126.9369222,堡林堡开矫
3301,35.21433333,126.9333056,堡林堡开矫
3302,35.214325,126.9332667,堡林堡开矫
3303,35.17786389,126.8951472,堡林堡开矫
3306,35.22716944,126.8839611,堡林堡开矫
3308,35.19342,126.901485,堡林堡开矫
3309,35.193428,126.900977,堡林堡开矫
3311,35.200269,126.934141,堡林堡开矫
3312,35.21550556,126.7617889,堡林堡开矫
3313,35.21554444,126.7617806,堡林堡开矫
3314,35.217175,126.7656028,堡林堡开矫
3315,35.21720278,126.7655944,堡林堡开矫
3316,35.22066667,126.7735278,堡林堡开矫
3317,35.22068889,126.7735194,堡林堡开矫
3318,35.22159444,126.7749389,堡林堡开矫
3319,35.22463889,126.8252833,堡林堡开矫
3321,35.20317222,126.8044028,堡林堡开矫
3322,35.203475,126.8045944,堡林堡开矫
3328,35.18552222,126.7987889,堡林堡开矫
3329,35.18571667,126.7992222,堡林堡开矫
3330,35.18553611,126.8035806,堡林堡开矫
3331,35.18575278,126.8031972,堡林堡开矫
3335,35.2076,126.8332694,堡林堡开矫
3336,35.20748056,126.8333,堡林堡开矫
3337,35.202784,126.839407,堡林堡开矫
3338,35.203411,126.838139,堡林堡开矫
3339,35.12531111,126.773675,堡林堡开矫
3340,35.12545,126.7736583,堡林堡开矫
3341,35.13840278,126.8231861,堡林堡开矫
3342,35.12933333,126.8174944,堡林堡开矫
3343,35.12511944,126.8196306,堡林堡开矫
3344,35.12109444,126.8153056,堡林堡开矫
3345,35.11650278,126.8113,堡林堡开矫
3346,35.11461667,126.8151,堡林堡开矫
3347,35.06279167,126.9826083,堡林堡开矫
3348,35.08111944,126.9518083,堡林堡开矫
3355,35.175615,126.746516,堡林堡开矫
3356,35.17396111,126.74535,堡林堡开矫
3357,35.16892778,126.7415889,堡林堡开矫
3358,35.16668056,126.7411611,堡林堡开矫
3359,35.178272,126.807785,堡林堡开矫
3368,35.25506944,126.9566639,堡林堡开矫
3370,35.23201389,126.646775,堡林堡开矫
3371,35.22909444,126.6501417,堡林堡开矫
3372,35.226375,126.652025,堡林堡开矫
3373,35.22358333,126.6593861,堡林堡开矫
3374,35.214975,126.6581194,堡林堡开矫
3395,35.12714722,126.6865333,堡林堡开矫
3396,35.12712778,126.6863278,堡林堡开矫
3400,35.138525,126.8231944,堡林堡开矫
3401,35.12943611,126.8174889,堡林堡开矫
3402,35.1252,126.8196556,堡林堡开矫
3403,35.12108333,126.8152972,堡林堡开矫
3404,35.11649722,126.8113,堡林堡开矫
3405,35.114625,126.8151,堡林堡开矫
3410,35.06244444,126.9836528,堡林堡开矫
3411,35.03075,127.0419806,堡林堡开矫
3413,35.14781389,126.8452028,堡林堡开矫
3414,35.14813802,126.8450302,堡林堡开矫
3415,35.15329167,126.842775,堡林堡开矫
3416,35.15370262,126.8428329,堡林堡开矫
3422,35.15517778,126.8465528,堡林堡开矫
3425,35.19768611,126.8717056,堡林堡开矫
3426,35.19767778,126.8747944,堡林堡开矫
3427,35.243689,126.878332,堡林堡开矫
3428,35.24081667,126.8691917,堡林堡开矫
3430,35.11076389,126.8766417,堡林堡开矫
3431,35.11071111,126.8764944,堡林堡开矫
3432,35.177831,126.804738,堡林堡开矫
3433,35.124834,126.906727,堡林堡开矫
3434,35.25930556,126.8637889,堡林堡开矫
3438,35.23884444,126.8624278,堡林堡开矫
3439,35.102389,126.939045,堡林堡开矫
3440,35.13026,126.894867,堡林堡开矫
3441,35.156507,126.839031,堡林堡开矫
3444,35.043605,126.716077,堡林堡开矫
3445,35.043646,126.716428,堡林堡开矫
3446,35.04568056,126.7184167,堡林堡开矫
3447,35.04589722,126.7184083,堡林堡开矫
3448,35.05078889,126.72315,堡林堡开矫
3449,35.05120833,126.7264917,堡林堡开矫
3450,35.05221944,126.7313056,堡林堡开矫
3451,35.228775,126.6474472,堡林堡开矫
3452,35.22904167,126.6500417,堡林堡开矫
3453,35.22635278,126.6519333,堡林堡开矫
3454,35.22351389,126.6593417,堡林堡开矫
3455,35.21501111,126.6580667,堡林堡开矫
3456,35.063837,126.835326,堡林堡开矫
3460,35.24856,126.813699,堡林堡开矫
3461,35.22990278,126.6465556,堡林堡开矫
3462,35.02844722,126.8330889,堡林堡开矫
3463,35.02317778,126.8298111,堡林堡开矫
3464,35.02319722,126.82975,堡林堡开矫
3465,35.266375,126.9614083,堡林堡开矫
3466,35.26646667,126.9614528,堡林堡开矫
3467,35.301951,126.930547,堡林堡开矫
3468,35.301997,126.930617,堡林堡开矫
3469,35.30458,126.926036,堡林堡开矫
3470,35.304507,126.926033,堡林堡开矫
3471,35.30769167,126.9199056,堡林堡开矫
3472,35.30765,126.9198611,堡林堡开矫
3473,35.24246667,126.9558417,堡林堡开矫
3477,35.09531389,126.8148028,堡林堡开矫
3478,35.095325,126.8148028,堡林堡开矫
3479,35.208975,126.8075556,堡林堡开矫
3480,35.20878889,126.8075611,堡林堡开矫
3481,35.03195,127.0144417,堡林堡开矫
3487,35.22989722,126.6464944,堡林堡开矫
3488,35.22885556,126.6474861,堡林堡开矫
3489,35.177614,126.804347,堡林堡开矫
3490,35.158925,126.895063,堡林堡开矫
3493,35.223484,126.825694,堡林堡开矫
3494,35.12355556,126.7116917,堡林堡开矫
3496,35.07535556,126.9611306,堡林堡开矫
3498,35.175755,126.746551,堡林堡开矫
3499,35.17396667,126.7452889,堡林堡开矫
3500,35.16892778,126.7415278,堡林堡开矫
3501,35.166675,126.7410917,堡林堡开矫
3502,35.23046944,126.9176889,堡林堡开矫
3504,35.091265,126.955625,堡林堡开矫
3505,35.159088,126.897859,堡林堡开矫
3506,35.17154489,126.869739,堡林堡开矫
3513,35.230325,126.8243222,堡林堡开矫
3514,35.20658056,126.9314139,堡林堡开矫
3517,35.17784167,126.8952139,堡林堡开矫
3519,35.238607,126.895981,堡林堡开矫
3520,35.216559,126.801545,堡林堡开矫
3524,35.25176111,126.9552,堡林堡开矫
3528,35.27650833,126.9564111,堡林堡开矫
3529,35.21039167,126.8791556,堡林堡开矫
3530,35.21044722,126.8792167,堡林堡开矫
3531,35.149264,126.944558,堡林堡开矫
3541,35.132131,126.850957,堡林堡开矫
3542,35.131854,126.850992,堡林堡开矫
3543,35.131884,126.8557,堡林堡开矫
3544,35.132165,126.855588,堡林堡开矫
3550,35.18238333,126.8907833,堡林堡开矫
3551,35.21023889,126.8991444,堡林堡开矫
3552,35.18180833,126.9375639,堡林堡开矫
3553,35.18183056,126.9373639,堡林堡开矫
3556,35.20872222,126.8447889,堡林堡开矫
3557,35.20886111,126.844825,堡林堡开矫
3560,35.21037222,126.8993278,堡林堡开矫
3561,35.135536,126.900186,堡林堡开矫
3562,35.152748,126.674459,堡林堡开矫
3563,35.153109,126.674674,堡林堡开矫
3564,35.16271667,126.6987667,堡林堡开矫
3565,35.16276944,126.6989667,堡林堡开矫
3566,35.16053333,126.6961583,堡林堡开矫
3567,35.16061389,126.69615,堡林堡开矫
3568,35.15773611,126.6944194,堡林堡开矫
3569,35.15717778,126.6939611,堡林堡开矫
3570,35.1479,126.69105,堡林堡开矫
3571,35.14790556,126.6911167,堡林堡开矫
3573,35.123048,126.915698,堡林堡开矫
3574,35.122937,126.915213,堡林堡开矫
3575,35.114375,126.907165,堡林堡开矫
3576,35.114681,126.907519,堡林堡开矫
3577,35.146727,126.912419,堡林堡开矫
3578,35.146224,126.911796,堡林堡开矫
3579,35.05126111,126.9698972,堡林堡开矫
3580,35.05118889,126.96985,堡林堡开矫
3581,35.15481944,126.9111306,堡林堡开矫
3582,35.188631,126.797436,堡林堡开矫
3583,35.1885001,126.797165,堡林堡开矫
3584,35.18864167,126.8029,堡林堡开矫
3585,35.18853333,126.8031361,堡林堡开矫
3586,35.20892778,126.798925,堡林堡开矫
3587,35.20874,126.799985,堡林堡开矫
3592,35.244463,126.886162,堡林堡开矫
3593,35.244251,126.886063,堡林堡开矫
3594,35.21788889,126.8470083,堡林堡开矫
3595,35.21754167,126.8468556,堡林堡开矫
3596,35.12773,126.84761,堡林堡开矫
3597,35.128086,126.847364,堡林堡开矫
3599,35.16414167,126.9158139,堡林堡开矫
3600,35.16408333,126.9156389,堡林堡开矫
3601,35.19538889,126.9359528,堡林堡开矫
3602,35.17231944,126.9638139,堡林堡开矫
3603,35.17226944,126.9637444,堡林堡开矫
3604,35.166553,126.863642,堡林堡开矫
3605,35.166522,126.863398,堡林堡开矫
3606,35.230427,126.920572,堡林堡开矫
3607,35.230894,126.92095,堡林堡开矫
3608,35.14406111,126.8409444,堡林堡开矫
3609,35.11957758,126.83257,堡林堡开矫
3610,35.11965233,126.8324786,堡林堡开矫
3616,35.10713022,126.9045246,堡林堡开矫
3617,35.1070249,126.9042242,堡林堡开矫
3620,35.112635,126.9040996,堡林堡开矫
3622,35.157375,126.8004806,堡林堡开矫
3623,35.158626,126.800462,堡林堡开矫
3625,35.230566,126.825529,堡林堡开矫
3626,35.115879,126.753316,堡林堡开矫
3627,35.11475,126.7490417,堡林堡开矫
3628,35.11444444,126.7411111,堡林堡开矫
3629,35.13036111,126.761875,堡林堡开矫
3630,35.12978,126.7529,堡林堡开矫
3631,35.13464167,126.7501472,堡林堡开矫
3632,35.13938889,126.7584583,堡林堡开矫
3633,35.138075,126.7563972,堡林堡开矫
3634,35.14136111,126.76265,堡林堡开矫
3635,35.13671698,126.767588,堡林堡开矫
3636,35.13710846,126.772307,堡林堡开矫
3637,35.13861667,126.7762778,堡林堡开矫
3638,35.13027778,126.7675,堡林堡开矫
3639,35.12991944,126.7567778,堡林堡开矫
3640,35.19076007,126.8308476,堡林堡开矫
3641,35.19061286,126.830817,堡林堡开矫
3642,35.19376,126.8152883,堡林堡开矫
3643,35.193225,126.8146083,堡林堡开矫
3644,35.19725556,126.8157,堡林堡开矫
3645,35.19661389,126.8154816,堡林堡开矫
3646,35.19988933,126.8152237,堡林堡开矫
3647,35.19976944,126.8151056,堡林堡开矫
3648,35.19061291,126.833789,堡林堡开矫
3649,35.19086566,126.8337473,堡林堡开矫
3650,35.16210076,126.8065747,堡林堡开矫
3651,35.16136212,126.8065409,堡林堡开矫
3652,35.185051,126.820281,堡林堡开矫
3653,35.185066,126.819713,堡林堡开矫
3654,35.18999059,126.8239621,堡林堡开矫
3655,35.19009057,126.8233788,堡林堡开矫
3656,35.20248,126.821961,堡林堡开矫
3657,35.202009,126.822644,堡林堡开矫
3658,35.200804,126.826613,堡林堡开矫
3659,35.20077552,126.8257922,堡林堡开矫
3665,35.18135833,126.8176306,堡林堡开矫
3666,35.181175,126.817875,堡林堡开矫
3667,35.223454,126.848854,堡林堡开矫
3668,35.22325,126.84866,堡林堡开矫
3678,35.120597,126.865986,堡林堡开矫
3679,35.11825,126.8667639,堡林堡开矫
3692,35.122515,126.86356,堡林堡开矫
3693,35.122596,126.863708,堡林堡开矫
3694,35.120657,126.866152,堡林堡开矫
3747,35.12511944,126.76825,堡林堡开矫
3748,35.11468333,126.7490583,堡林堡开矫
3749,35.115828,126.753344,堡林堡开矫
3750,35.13025278,126.7672667,堡林堡开矫
3751,35.13016667,126.7618833,堡林堡开矫
3752,35.12968611,126.7567556,堡林堡开矫
3753,35.13006,126.75269,堡林堡开矫
3754,35.13472222,126.7502556,堡林堡开矫
3755,35.13804444,126.7561222,堡林堡开矫
3756,35.13861667,126.7758861,堡林堡开矫
3757,35.13741518,126.7722212,堡林堡开矫
3758,35.13701565,126.7674647,堡林堡开矫
3759,35.14144722,126.7630917,堡林堡开矫
3760,35.13951667,126.7587389,堡林堡开矫
3761,35.11451667,126.7413528,堡林堡开矫
3762,35.125836,126.851012,堡林堡开矫
3765,35.15446389,126.7992444,堡林堡开矫
3766,35.15390862,126.7989897,堡林堡开矫
3767,35.15161944,126.8047778,堡林堡开矫
3768,35.15166111,126.8048389,堡林堡开矫
3769,35.15151,126.801413,堡林堡开矫
3770,35.151646,126.801206,堡林堡开矫
3771,35.11355,126.9047667,堡林堡开矫
3772,35.11062588,126.8991488,堡林堡开矫
3773,35.1105883,126.9042885,堡林堡开矫
3774,35.11249722,126.8457889,堡林堡开矫
3775,35.11266111,126.8457972,堡林堡开矫
3776,35.12091667,126.7595556,堡林堡开矫
3777,35.12103056,126.7595333,堡林堡开矫
3781,35.274937,126.896569,堡林堡开矫
3782,35.274837,126.89679,堡林堡开矫
3783,35.272178,126.898304,堡林堡开矫
3784,35.272075,126.898556,堡林堡开矫
3785,35.22074167,126.8233972,堡林堡开矫
3786,35.22083333,126.8233056,堡林堡开矫
3787,35.22383333,126.8567417,堡林堡开矫
3788,35.22390833,126.8566361,堡林堡开矫
3789,35.110825,126.8290528,堡林堡开矫
3790,35.11086667,126.8290083,堡林堡开矫
3791,35.15020556,126.94485,堡林堡开矫
3794,35.09693068,126.8951905,堡林堡开矫
3795,35.09659711,126.8956304,堡林堡开矫
3799,35.10296944,126.9028472,堡林堡开矫
3800,35.10301111,126.9026639,堡林堡开矫
3801,35.185125,126.8291361,堡林堡开矫
3802,35.18507778,126.8290361,堡林堡开矫
3803,35.05262222,126.9720639,堡林堡开矫
3804,35.05261111,126.9722,堡林堡开矫
3806,35.20027549,126.8206121,堡林堡开矫
3807,35.20025326,126.820126,堡林堡开矫
3808,35.19458729,126.8232231,堡林堡开矫
3809,35.19461227,126.8227371,堡林堡开矫
3810,35.19074068,126.8165708,堡林堡开矫
3811,35.19101258,126.8165569,堡林堡开矫
3812,35.18751333,126.814205,堡林堡开矫
3813,35.18805,126.8140383,堡林堡开矫
3814,35.18342172,126.8139492,堡林堡开矫
3815,35.183122,126.813456,堡林堡开矫
3816,35.19082778,126.8251667,堡林堡开矫
3817,35.19064167,126.8252117,堡林堡开矫
3829,35.17595,126.797966,堡林堡开矫
3830,35.175958,126.798846,堡林堡开矫
3831,35.19531333,126.8186083,堡林堡开矫
3832,35.1952,126.8187733,堡林堡开矫
3836,35.196725,126.8068383,堡林堡开矫
3837,35.19681667,126.8060383,堡林堡开矫
3838,35.19546333,126.8130333,堡林堡开矫
3839,35.19596667,126.8127567,堡林堡开矫
3846,35.17434786,126.8002192,堡林堡开矫
3847,35.17441167,126.8000733,堡林堡开矫
3848,35.17241443,126.8019395,堡林堡开矫
3849,35.172706,126.801284,堡林堡开矫
3851,35.184235,126.817372,堡林堡开矫
3852,35.18437,126.8176217,堡林堡开矫
3853,35.2424519,126.9164833,堡林堡开矫
3854,35.2421639,126.9167129,堡林堡开矫
3875,35.10216667,126.8998111,堡林堡开矫
3876,35.10225278,126.8993139,堡林堡开矫
3877,35.18561111,127.0064972,堡林堡开矫
3878,35.18551944,127.0064444,堡林堡开矫
3879,35.18409722,127.0082889,堡林堡开矫
3880,35.18403889,127.0082278,堡林堡开矫
3881,35.10899971,126.8998253,堡林堡开矫
3882,35.10813957,126.902926,堡林堡开矫
3883,35.106245,126.906198,堡林堡开矫
3884,35.106542,126.906424,堡林堡开矫
3888,35.10822734,126.9051576,堡林堡开矫
3895,35.21221389,126.8278528,堡林堡开矫
3896,35.21163056,126.8275417,堡林堡开矫
3897,35.11042154,126.9045997,堡林堡开矫
3900,35.21005278,126.9313917,堡林堡开矫
3901,35.2101,126.9313528,堡林堡开矫
3902,35.18166111,127.0077417,堡林堡开矫
3903,35.18165833,127.0077944,堡林堡开矫
3904,35.176154,127.010321,堡林堡开矫
3907,35.14543333,126.9213,堡林堡开矫
3908,35.14624502,126.9189595,堡林堡开矫
3909,35.18301613,126.8212903,堡林堡开矫
3910,35.18296389,126.8208861,堡林堡开矫
3911,35.18437529,126.8268263,堡林堡开矫
3912,35.18459722,126.8275028,堡林堡开矫
3919,35.19913218,126.8326648,堡林堡开矫
3927,35.27685278,126.8885278,堡林堡开矫
3928,35.27188611,126.8886056,堡林堡开矫
3929,35.27183056,126.888675,堡林堡开矫
3932,35.14547222,126.9190639,堡林堡开矫
3934,35.19907,126.832353,堡林堡开矫
3936,35.23973611,126.8935667,堡林堡开矫
3938,35.19212778,126.9368917,堡林堡开矫
3940,35.24068611,126.8952,堡林堡开矫
3941,35.24095,126.8954056,堡林堡开矫
3946,35.19711521,126.8251634,堡林堡开矫
3947,35.19737823,126.8254745,堡林堡开矫
3949,35.20711944,126.9013806,堡林堡开矫
3950,35.21301389,126.9009833,堡林堡开矫
3951,35.16109444,126.8098139,堡林堡开矫
3952,35.16164444,126.8098722,堡林堡开矫
3953,35.109432,126.867301,堡林堡开矫
3956,34.99675,126.9598056,堡林堡开矫
3957,34.99654444,126.9598444,堡林堡开矫
3958,35.02961944,126.9546028,堡林堡开矫
3959,35.02945,126.9545722,堡林堡开矫
3962,35.20461667,126.8816722,堡林堡开矫
3963,35.20441745,126.8815912,堡林堡开矫
3968,35.1075786,126.7616924,堡林堡开矫
3969,35.1059079,126.7633167,堡林堡开矫
3970,35.0996701,126.7677156,堡林堡开矫
3971,35.0989937,126.7720929,堡林堡开矫
3972,35.1006813,126.7816928,堡林堡开矫
3973,35.0999775,126.7881637,堡林堡开矫
3974,35.1020784,126.7934773,堡林堡开矫
3975,35.104987,126.793539,堡林堡开矫
3976,35.1076327,126.7892639,堡林堡开矫
3977,35.1097305,126.7859705,堡林堡开矫
3978,35.1178635,126.7821501,堡林堡开矫
3979,35.1176983,126.7820501,堡林堡开矫
3980,35.1095222,126.78623,堡林堡开矫
3981,35.1073934,126.7897373,堡林堡开矫
3982,35.1048532,126.7938166,堡林堡开矫
3983,35.102111,126.7933281,堡林堡开矫
3984,35.1000431,126.7883381,堡林堡开矫
3985,35.1008413,126.781697,堡林堡开矫
3986,35.0990982,126.7722855,堡林堡开矫
3987,35.0998256,126.7677412,堡林堡开矫
3988,35.1059828,126.7633421,堡林堡开矫
3989,35.1075581,126.761889,堡林堡开矫
3990,35.108755,126.760683,堡林堡开矫
3991,35.086117,126.781542,堡林堡开矫
3992,35.082553,126.784366,堡林堡开矫
3993,35.085978,126.781706,堡林堡开矫
3994,35.170153,126.700191,堡林堡开矫
4005,35.210585,126.8586567,堡林堡开矫
4006,35.20802,126.8586317,堡林堡开矫
4007,35.21066833,126.8588633,堡林堡开矫
4008,35.20798833,126.8588567,堡林堡开矫
4009,35.146547,126.843137,堡林堡开矫
4010,35.146269,126.842901,堡林堡开矫
4011,35.151703,126.850462,堡林堡开矫
4012,35.151519,126.851213,堡林堡开矫
4013,35.118198,126.866439,堡林堡开矫
4014,35.135587,126.795705,堡林堡开矫
4015,35.135171,126.79608,堡林堡开矫
4017,35.179139,126.799605,堡林堡开矫
4018,35.179137,126.79944,堡林堡开矫
4019,35.098109,126.963689,堡林堡开矫
4020,35.14735856,126.8488017,堡林堡开矫
4021,35.137125,126.7920217,堡林堡开矫
4030,35.11707399,126.9290641,堡林堡开矫
4034,35.1484152,126.7789307,堡林堡开矫
4035,35.148537,126.77857,堡林堡开矫
4036,35.19618622,126.8369188,堡林堡开矫
4037,35.19629186,126.836946,堡林堡开矫
4038,35.1688081,126.8355616,堡林堡开矫
4039,35.1686912,126.8353606,堡林堡开矫
4040,35.1692086,126.833414,堡林堡开矫
4041,35.13427495,126.7708146,堡林堡开矫
4042,35.1341229,126.7711178,堡林堡开矫
4043,35.13354866,126.7668334,堡林堡开矫
4044,35.13352066,126.7670989,堡林堡开矫
4045,35.12465724,126.7680445,堡林堡开矫
4046,35.1211225,126.768387,堡林堡开矫
4047,35.12142,126.7687375,堡林堡开矫
4048,35.116556,126.770605,堡林堡开矫
4049,35.116572,126.770932,堡林堡开矫
4050,35.1189952,126.7759612,堡林堡开矫
4051,35.1189963,126.7755944,堡林堡开矫
4054,35.16753545,126.8380943,堡林堡开矫
4055,35.125301,126.850484,堡林堡开矫
4066,35.1485319,126.7760311,堡林堡开矫
4067,35.1483959,126.7761551,堡林堡开矫
4070,35.157067,126.839004,堡林堡开矫
4071,35.134435,126.760978,堡林堡开矫
4072,35.1344185,126.7608109,堡林堡开矫
4073,35.13638347,126.7638198,堡林堡开矫
4074,35.13673367,126.764208,堡林堡开矫
4075,35.134407,126.766716,堡林堡开矫
4076,35.1344109,126.7669525,堡林堡开矫
4077,35.1314087,126.7671127,堡林堡开矫
4078,35.1313972,126.7672729,堡林堡开矫
4079,35.1237984,126.7776031,堡林堡开矫
4080,35.123855,126.777873,堡林堡开矫
4091,35.206038,126.805119,堡林堡开矫
4092,35.206176,126.805497,堡林堡开矫
4093,35.207326,126.809982,堡林堡开矫
4094,35.207473,126.809816,堡林堡开矫
4095,35.210618,126.80995,堡林堡开矫
4096,35.210241,126.809794,堡林堡开矫
4097,35.213774,126.809686,堡林堡开矫
4098,35.213801,126.809942,堡林堡开矫
4103,35.22173,126.82456,堡林堡开矫
4104,35.2218437,126.8244934,堡林堡开矫
4105,35.223181,126.835865,堡林堡开矫
4106,35.12581,126.787728,堡林堡开矫
4107,35.12951944,126.761425,堡林堡开矫
4108,35.129583,126.7616,堡林堡开矫
4109,35.1249695,126.7685089,堡林堡开矫
4118,35.20228,126.816236,堡林堡开矫
4119,35.202561,126.817653,堡林堡开矫
4133,35.122027,126.866965,堡林堡开矫
4134,35.120657,126.867316,堡林堡开矫
4141,35.150839,126.858707,堡林堡开矫
4142,35.151358,126.858332,堡林堡开矫
4143,35.1552086,126.8593292,堡林堡开矫
4144,35.158596,126.8595123,堡林堡开矫
4145,35.161567,126.863417,堡林堡开矫
4146,35.161459,126.863251,堡林堡开矫
4147,35.144783,126.857,堡林堡开矫
4150,35.1584778,126.85923,堡林堡开矫
4151,35.1553116,126.8590775,堡林堡开矫
4152,35.13795009,126.8587494,堡林堡开矫
4155,35.050308,126.90586,堡林堡开矫
4156,35.050306,126.905718,堡林堡开矫
4157,35.048252,126.905694,堡林堡开矫
4158,35.048215,126.905608,堡林堡开矫
4159,35.04435,126.904439,堡林堡开矫
4160,35.045347,126.904919,堡林堡开矫
4161,35.039719,126.904997,堡林堡开矫
4162,35.039802,126.904779,堡林堡开矫
4163,35.030365,126.908583,堡林堡开矫
4164,35.030464,126.908465,堡林堡开矫
4165,35.027618,126.906118,堡林堡开矫
4166,35.027807,126.906045,堡林堡开矫
4167,35.029471,126.903647,堡林堡开矫
4170,35.05074,126.946238,堡林堡开矫
4171,35.050681,126.946182,堡林堡开矫
4172,35.051671,126.939737,堡林堡开矫
4173,35.051673,126.958627,堡林堡开矫
4174,35.051737,126.958633,堡林堡开矫
4175,35.052451,126.90906,堡林堡开矫
4176,35.24177,126.912247,堡林堡开矫
4177,35.123524,126.711609,堡林堡开矫
4178,35.131676,126.902811,堡林堡开矫
4179,35.213456,126.862875,堡林堡开矫
4180,35.21314611,126.8613856,堡林堡开矫
4181,35.11685,126.860247,堡林堡开矫
4182,35.116732,126.86059,堡林堡开矫
4185,35.102925,126.904827,堡林堡开矫
4186,35.10282,126.905057,堡林堡开矫
4187,35.202251,126.8053,堡林堡开矫
4188,35.14086,126.809511,堡林堡开矫
4189,35.1361542,126.8035355,堡林堡开矫
4190,35.1359177,126.8039474,堡林堡开矫
4191,35.1367188,126.8000412,堡林堡开矫
4192,35.1365318,126.8001404,堡林堡开矫
4193,35.1971487,126.7878844,堡林堡开矫
4194,35.19718172,126.7876538,堡林堡开矫
4195,35.19997269,126.7857772,堡林堡开矫
4196,35.19998011,126.7855851,堡林堡开矫
4197,35.2031851,126.7834649,堡林堡开矫
4198,35.20287346,126.7834881,堡林堡开矫
4204,35.21432288,126.9105816,堡林堡开矫
4205,35.2143391,126.9107812,堡林堡开矫
4221,35.20629621,126.7830286,堡林堡开矫
4222,35.20658098,126.7827286,堡林堡开矫
4223,35.20855878,126.7815303,堡林堡开矫
4224,35.20850266,126.7813217,堡林堡开矫
4225,35.20973559,126.7838907,堡林堡开矫
4226,35.20936952,126.7843552,堡林堡开矫
4227,35.20616155,126.7866957,堡林堡开矫
4228,35.20614579,126.7866413,堡林堡开矫
4229,35.20314172,126.7887952,堡林堡开矫
4230,35.20331212,126.7888649,堡林堡开矫
4231,35.19842862,126.7922409,堡林堡开矫
4232,35.1984352,126.7923912,堡林堡开矫
4233,35.19618235,126.7905975,堡林堡开矫
4234,35.19615653,126.7906616,堡林堡开矫
4235,35.1941222,126.7915774,堡林堡开矫
4236,35.19423259,126.791337,堡林堡开矫
4237,35.19332035,126.7948833,堡林堡开矫
4238,35.19325832,126.7950614,堡林堡开矫
4239,35.21086145,126.7814622,堡林堡开矫
4240,35.21068468,126.781513,堡林堡开矫
4245,35.183023,126.791286,堡林堡开矫
4246,35.22344713,126.8457854,堡林堡开矫
4247,35.22326084,126.8459445,堡林堡开矫
4248,35.098881,126.762415,堡林堡开矫
4249,35.15436214,126.8106027,堡林堡开矫
4250,35.15461804,126.8107142,堡林堡开矫
4251,35.18458347,126.794116,堡林堡开矫
4252,35.18449006,126.7937531,堡林堡开矫
4253,35.114336,126.7219,堡林堡开矫
4254,35.218774,126.731083,堡林堡开矫
4255,35.15106156,126.7797363,堡林堡开矫
4256,35.151001,126.780249,堡林堡开矫
4257,35.190805,126.81168,堡林堡开矫
4258,35.191026,126.813076,堡林堡开矫
4259,35.15657342,126.7804399,堡林堡开矫
4260,35.15609753,126.7808397,堡林堡开矫
4261,35.21596,126.730772,堡林堡开矫
4263,35.17477,126.793913,堡林堡开矫
4264,35.174824,126.794022,堡林堡开矫
4265,35.21880385,126.8459336,堡林堡开矫
4266,35.21881655,126.8458594,堡林堡开矫
4267,35.133341,126.891866,堡林堡开矫
4268,35.133155,126.891738,堡林堡开矫
4269,35.136653,126.889256,堡林堡开矫
4270,35.136429,126.889218,堡林堡开矫
4271,35.140014,126.886437,堡林堡开矫
4272,35.139695,126.886913,堡林堡开矫
4273,35.142644,126.924761,堡林堡开矫
4275,35.21290961,126.8614922,堡林堡开矫
4276,35.19763292,126.8663449,堡林堡开矫
4277,35.1821614,126.8740216,堡林堡开矫
4278,35.18221454,126.8739948,堡林堡开矫
4279,35.18483577,126.8771955,堡林堡开矫
4280,35.184813,126.877076,堡林堡开矫
4281,35.20056039,126.8612014,堡林堡开矫
4282,35.20079638,126.8617559,堡林堡开矫
4283,35.19826056,126.8599079,堡林堡开矫
4284,35.19806711,126.8599722,堡林堡开矫
4285,35.13268403,126.8487237,堡林堡开矫
4286,35.13303271,126.8490039,堡林堡开矫
4287,35.14603958,126.8488398,堡林堡开矫
4288,35.146138,126.84874,堡林堡开矫
4289,35.12946517,126.8809775,堡林堡开矫
4290,35.12988816,126.8805032,堡林堡开矫
4291,35.13319356,126.87278,堡林堡开矫
4292,35.13297257,126.8726202,堡林堡开矫
4293,35.130807,126.877415,堡林堡开矫
4294,35.1303671,126.8769199,堡林堡开矫
4295,35.16412543,126.8484757,堡林堡开矫
4296,35.16423091,126.8481461,堡林堡开矫
4297,35.13845162,126.8487693,堡林堡开矫
4298,35.139165,126.848986,堡林堡开矫
4299,35.136774,126.872589,堡林堡开矫
4300,35.13626591,126.8725878,堡林堡开矫
4301,35.14289516,126.8488418,堡林堡开矫
4302,35.142363,126.849098,堡林堡开矫
4306,35.186256,126.884233,堡林堡开矫
4307,35.05085004,126.958364,堡林堡开矫
4308,35.05081815,126.958524,堡林堡开矫
4309,35.04838056,126.9587761,堡林堡开矫
4310,35.04830944,126.9589388,堡林堡开矫
4311,35.04831598,126.9636566,堡林堡开矫
4312,35.04846028,126.9636619,堡林堡开矫
4316,35.051676,126.958893,堡林堡开矫
4317,35.051757,126.958914,堡林堡开矫
4322,35.218882,126.730931,堡林堡开矫
4323,35.248341,126.813599,堡林堡开矫
4324,35.053195,126.969048,堡林堡开矫
4325,34.984905,126.961738,堡林堡开矫
4327,35.053123,126.969217,堡林堡开矫
4328,35.114263,126.721941,堡林堡开矫
4329,35.113721,126.712112,堡林堡开矫
4330,35.112902,126.705453,堡林堡开矫
4331,35.110945,126.699058,堡林堡开矫
4332,35.109822,126.693036,堡林堡开矫
4333,35.111824,126.691299,堡林堡开矫
4334,35.12068627,126.6843094,堡林堡开矫
4340,35.043616,126.715067,堡林堡开矫
4341,35.171471,126.871035,堡林堡开矫
4342,35.237217,126.865906,堡林堡开矫
4343,35.237344,126.865974,堡林堡开矫
4344,35.209721,126.88251,堡林堡开矫
4345,35.209878,126.882598,堡林堡开矫
4346,35.12631015,126.6807202,堡林堡开矫
4347,35.1264199,126.6809977,堡林堡开矫
4348,35.115025,126.712514,堡林堡开矫
4349,35.115,126.712424,堡林堡开矫
4350,35.113963,126.875041,堡林堡开矫
4352,35.08814,126.839018,堡林堡开矫
4353,35.08815,126.83896,堡林堡开矫
4354,35.089676,126.838005,堡林堡开矫
4355,35.089802,126.838049,堡林堡开矫
4356,35.093301,126.837468,堡林堡开矫
4357,35.091885,126.853158,堡林堡开矫
4358,35.09194,126.853131,堡林堡开矫
4359,35.095655,126.859075,堡林堡开矫
4360,35.095731,126.859089,堡林堡开矫
4366,35.193445,126.898678,堡林堡开矫
4367,35.19356,126.899217,堡林堡开矫
4368,35.183149,126.89405,堡林堡开矫
4369,35.183303,126.893296,堡林堡开矫
4382,35.188246,126.934042,堡林堡开矫
4387,35.186654,126.938284,堡林堡开矫
4388,35.186649,126.937962,堡林堡开矫
4389,35.179031,126.8600999,堡林堡开矫
4390,35.17900757,126.8607885,堡林堡开矫
4393,35.213512,126.897855,堡林堡开矫
4394,35.213392,126.897648,堡林堡开矫
4396,35.216512,126.895162,堡林堡开矫
4397,35.175078,126.905975,堡林堡开矫
4398,35.171759,126.871236,堡林堡开矫
4399,35.171514,126.870834,堡林堡开矫
4400,35.180325,126.802313,堡林堡开矫
4401,35.180087,126.802405,堡林堡开矫
4402,35.18107,126.799815,堡林堡开矫
4403,35.181135,126.79962,堡林堡开矫
4404,35.181962,126.804719,堡林堡开矫
4405,35.181872,126.805016,堡林堡开矫
4406,35.104423,126.875546,堡林堡开矫
4407,35.104654,126.875114,堡林堡开矫
4408,35.106941,126.867,堡林堡开矫
4409,35.1071,126.86642,堡林堡开矫
4410,35.1018,126.873113,堡林堡开矫
4411,35.102081,126.873062,堡林堡开矫
4412,35.098299,126.878441,堡林堡开矫
4413,35.118751,126.930941,堡林堡开矫
4414,35.118868,126.930826,堡林堡开矫
4415,35.11726,126.925941,堡林堡开矫
4416,35.117311,126.926372,堡林堡开矫
4417,35.117157,126.922323,堡林堡开矫
4418,35.117496,126.923503,堡林堡开矫
4419,35.120199,126.932869,堡林堡开矫
4420,35.120068,126.932911,堡林堡开矫
4424,35.155209,126.924281,堡林堡开矫
4425,35.154864,126.924298,堡林堡开矫
4426,35.15795202,126.9227532,堡林堡开矫
4427,35.1578741,126.9228581,堡林堡开矫
4431,35.16829,126.885675,堡林堡开矫
4432,35.19718,126.866786,堡林堡开矫
4433,35.19722,126.866949,堡林堡开矫
4434,35.19607,126.870133,堡林堡开矫
4435,35.19595,126.870099,堡林堡开矫
4437,35.157727,126.921341,堡林堡开矫
4438,35.157151,126.920722,堡林堡开矫
4439,35.104776,126.873394,堡林堡开矫
4440,35.104664,126.873542,堡林堡开矫
4441,35.153592,126.924505,堡林堡开矫
4442,35.153262,126.924596,堡林堡开矫
4445,35.169778,126.670913,堡林堡开矫
4446,35.169761,126.670699,堡林堡开矫
4447,35.239031,126.864142,堡林堡开矫
4448,35.239227,126.863946,堡林堡开矫
4449,35.106028,126.863258,堡林堡开矫
4450,35.106105,126.863636,堡林堡开矫
4451,35.208848,126.824561,堡林堡开矫
4452,35.209527,126.824842,堡林堡开矫
4453,35.20636063,126.8391586,堡林堡开矫
4454,35.20645807,126.8391753,堡林堡开矫
4455,35.1665312,126.9340052,堡林堡开矫
4456,35.16661553,126.934604,堡林堡开矫
4457,35.17959812,126.9397458,堡林堡开矫
4458,35.17926074,126.9393412,堡林堡开矫
4459,35.10438545,126.8639678,堡林堡开矫
4460,35.10431717,126.8637085,堡林堡开矫
4463,35.091351,126.829283,堡林堡开矫
4464,35.091528,126.829455,堡林堡开矫
4465,35.088292,126.83274,堡林堡开矫
4466,35.088404,126.832948,堡林堡开矫
4467,35.075908,126.843302,堡林堡开矫
4468,35.075988,126.84328,堡林堡开矫
4469,35.094495,126.962421,堡林堡开矫
4481,35.134789,126.754113,堡林堡开矫
4482,35.134651,126.754292,堡林堡开矫
4483,35.018365,126.800909,堡林堡开矫
4484,35.018735,126.801295,堡林堡开矫
4485,35.012794,126.80035,堡林堡开矫
4486,35.012972,126.800683,堡林堡开矫
4487,35.009581,126.802975,堡林堡开矫
4488,35.009581,126.803125,堡林堡开矫
4491,35.140102,126.925878,堡林堡开矫
4492,35.029087,126.790673,堡林堡开矫
4493,35.025088,126.793015,堡林堡开矫
4494,35.184881,126.800183,堡林堡开矫
4495,35.185215,126.799998,堡林堡开矫
4496,35.182026,126.986439,堡林堡开矫
4497,35.181986,126.986496,堡林堡开矫
4498,35.172432,127.006115,堡林堡开矫
4499,35.172474,127.006046,堡林堡开矫
4500,35.169583,126.999448,堡林堡开矫
4501,35.169631,126.99937,堡林堡开矫
4502,35.176101,127.010159,堡林堡开矫
4503,35.18966,126.93072,堡林堡开矫
5002,35.08629338,126.7361577,堡林堡开矫
5003,35.10395981,126.7444628,堡林堡开矫
5004,35.10380882,126.7444833,堡林堡开矫
5005,35.09440415,126.7178801,堡林堡开矫
5006,35.09448315,126.7179378,堡林堡开矫
5007,35.10580028,126.6873901,堡林堡开矫
5008,35.10579317,126.6875341,堡林堡开矫
5012,35.03566656,126.7225775,堡林堡开矫
5013,35.06261678,126.7468343,堡林堡开矫
5014,35.07335532,126.7056022,堡林堡开矫
5015,35.07328134,126.7058133,堡林堡开矫
5016,35.08255333,126.6982735,堡林堡开矫
5017,35.08256394,126.6984124,堡林堡开矫
5018,35.05435476,126.8471036,堡林堡开矫
5019,35.07594223,126.703552,堡林堡开矫
5020,35.07602211,126.7036525,堡林堡开矫
5021,35.07978277,126.7278218,堡林堡开矫
5022,35.07980866,126.7279851,堡林堡开矫
5025,35.04227041,126.8194992,堡林堡开矫
5026,35.04270158,126.8205458,堡林堡开矫
5027,35.03539963,126.7523026,堡林堡开矫
5028,35.03529438,126.7526764,堡林堡开矫
5033,35.02842806,126.7101245,堡林堡开矫
5034,35.02859869,126.7101294,堡林堡开矫
5036,35.02790425,126.7174086,堡林堡开矫
5037,35.01708839,126.7138895,堡林堡开矫
5038,35.01681528,126.7142226,堡林堡开矫
5039,35.0366009,126.7229474,堡林堡开矫
5040,35.01470134,126.7163796,堡林堡开矫
5041,35.01443915,126.7165125,堡林堡开矫
5042,35.02896517,126.718974,堡林堡开矫
5043,35.02870107,126.7183356,堡林堡开矫
5044,35.03361401,126.7216711,堡林堡开矫
5045,35.03024333,126.7200933,堡林堡开矫
5046,35.03020272,126.7202248,堡林堡开矫
5047,34.99701176,126.7139933,堡林堡开矫
5048,34.99657468,126.7141844,堡林堡开矫
5049,35.08130643,126.7149711,堡林堡开矫
5050,35.08139077,126.7150383,堡林堡开矫
5051,35.0338512,126.7609304,堡林堡开矫
5052,35.03367164,126.7615836,堡林堡开矫
5053,35.04331,126.8429617,堡林堡开矫
5054,35.04314333,126.8430383,堡林堡开矫
5055,35.05758545,126.8491005,堡林堡开矫
5056,35.05772792,126.8493717,堡林堡开矫
5057,35.04746031,126.8435411,堡林堡开矫
5058,35.04739047,126.8436791,堡林堡开矫
5059,35.04774669,126.8451393,堡林堡开矫
5060,35.03780276,126.782449,堡林堡开矫
5061,35.03770457,126.7824772,堡林堡开矫
5062,35.03950937,126.7894544,堡林堡开矫
5063,35.03960592,126.7895579,堡林堡开矫
5064,35.064251,126.7491451,堡林堡开矫
5065,35.07561767,126.7312564,堡林堡开矫
5066,35.0756653,126.7313475,堡林堡开矫
5067,35.06572641,126.7099988,堡林堡开矫
5068,35.06567779,126.7101668,堡林堡开矫
5069,35.073498,126.7328055,堡林堡开矫
5070,35.07349454,126.7326882,堡林堡开矫
5071,35.06679109,126.7434176,堡林堡开矫
5072,35.06687535,126.743461,堡林堡开矫
5073,34.99959119,126.7134585,堡林堡开矫
5074,34.99965219,126.7135849,堡林堡开矫
5075,35.00866472,126.7118706,堡林堡开矫
5076,35.00864169,126.7117292,堡林堡开矫
5077,35.10069966,126.7057498,堡林堡开矫
5078,35.10063697,126.7056803,堡林堡开矫
5079,35.05416214,126.7205893,堡林堡开矫
5080,35.05426576,126.7206747,堡林堡开矫
5081,35.03559167,126.803685,堡林堡开矫
5082,35.03568791,126.8036927,堡林堡开矫
5083,35.02287853,126.713189,堡林堡开矫
5084,35.0209516,126.7134315,堡林堡开矫
5085,35.02115028,126.7135402,堡林堡开矫
5086,35.190855,126.9270933,堡林堡开矫
5087,35.03533406,126.7440115,堡林堡开矫
5088,35.03089305,126.7098544,堡林堡开矫
5090,35.08849845,126.7376325,堡林堡开矫
5091,34.99474878,126.7074507,堡林堡开矫
5092,34.99482644,126.7075185,堡林堡开矫
5093,35.03293416,126.8019364,堡林堡开矫
5094,35.0408307,126.8030368,堡林堡开矫
5095,35.03945484,126.8034367,堡林堡开矫
5096,35.0394769,126.8035543,堡林堡开矫
5097,35.04046964,126.8040912,堡林堡开矫
5098,35.04510027,126.8274883,堡林堡开矫
5099,35.0452331,126.8276129,堡林堡开矫
5100,35.03470986,126.7723193,堡林堡开矫
5101,35.03462995,126.7733215,堡林堡开矫
5104,35.09549305,126.6951846,堡林堡开矫
5105,35.09548961,126.6953218,堡林堡开矫
5107,34.99974992,126.7100997,堡林堡开矫
5108,34.99961485,126.7103005,堡林堡开矫
5109,35.0349042,126.7188227,堡林堡开矫
5110,35.03526816,126.7188684,堡林堡开矫
5111,35.02684673,126.7113645,堡林堡开矫
5112,35.02660314,126.7116712,堡林堡开矫
5113,35.05990538,126.718245,堡林堡开矫
5114,35.05979337,126.718466,堡林堡开矫
5115,35.0645671,126.8537835,堡林堡开矫
5116,35.06448076,126.8538766,堡林堡开矫
5117,35.02392266,126.7130755,堡林堡开矫
5118,35.02609104,126.7167616,堡林堡开矫
5119,35.02686936,126.7171767,堡林堡开矫
5120,35.0584538,126.7219511,堡林堡开矫
5121,35.05843106,126.7220507,堡林堡开矫
5122,35.05022823,126.8451767,堡林堡开矫
5123,35.05009768,126.8453156,堡林堡开矫
5124,35.06439987,126.7492746,堡林堡开矫
5125,35.09229333,126.7199933,堡林堡开矫
5126,35.09230667,126.7201017,堡林堡开矫
5127,35.08860366,126.7257914,堡林堡开矫
5128,35.08862427,126.7258947,堡林堡开矫
5129,35.02801547,126.804235,堡林堡开矫
5130,35.02805168,126.8043317,堡林堡开矫
5132,35.07115304,126.7556105,堡林堡开矫
5133,35.02368682,126.7158957,堡林堡开矫
5134,35.02316922,126.7158444,堡林堡开矫
5139,35.00571469,126.7103196,堡林堡开矫
5140,35.00581462,126.7108255,堡林堡开矫
5141,35.00376992,126.7079607,堡林堡开矫
5142,35.00419833,126.7078717,堡林堡开矫
5143,35.05610636,126.8479693,堡林堡开矫
5144,34.99432607,126.7124829,堡林堡开矫
5145,35.07032385,126.7075724,堡林堡开矫
5146,35.07025057,126.7077167,堡林堡开矫
5147,35.09845833,126.692965,堡林堡开矫
5148,35.09858527,126.6932101,堡林堡开矫
5149,35.0792725,126.7012375,堡林堡开矫
5150,35.07935227,126.7013024,堡林堡开矫
5151,35.06653178,126.7303634,堡林堡开矫
5152,35.06663463,126.7303143,堡林堡开矫
5153,35.03542231,126.7443946,堡林堡开矫
5158,35.08724059,126.6964487,堡林堡开矫
5161,35.0873411,126.6965549,堡林堡开矫
5162,35.09852208,126.6976795,堡林堡开矫
5163,35.09862249,126.6977779,堡林堡开矫
5164,35.10416,126.676855,堡林堡开矫
5165,34.99761058,126.7098344,堡林堡开矫
5166,34.99763227,126.7099758,堡林堡开矫
5167,35.10387377,126.6891071,堡林堡开矫
5168,35.10397329,126.6891671,堡林堡开矫
5169,35.06851167,126.73884,堡林堡开矫
5170,35.06861637,126.7388083,堡林堡开矫
5172,35.07737292,126.7289883,堡林堡开矫
5173,35.07743551,126.7290997,堡林堡开矫
5174,35.03214683,126.7195551,堡林堡开矫
5175,35.03232545,126.7196768,堡林堡开矫
5176,35.03589325,126.7160983,堡林堡开矫
5179,35.03432461,126.7656842,堡林堡开矫
5180,35.03440842,126.7655611,堡林堡开矫
5181,35.05664304,126.7198305,堡林堡开矫
5182,35.05656333,126.7199412,堡林堡开矫
5183,35.06395137,126.7143313,堡林堡开矫
5184,35.0640206,126.7144267,堡林堡开矫
5186,35.07644609,126.73332,堡林堡开矫
5187,35.02004788,126.714185,堡林堡开矫
5188,35.02050298,126.7146039,堡林堡开矫
5189,35.07752523,126.8614779,堡林堡开矫
5190,35.07591975,126.8591598,堡林堡开矫
5192,35.10158033,126.7412549,堡林堡开矫
5193,35.08334262,126.727003,堡林堡开矫
5194,35.0833126,126.727113,堡林堡开矫
5195,35.08943549,126.7236839,堡林堡开矫
5196,35.08952004,126.7237211,堡林堡开矫
5197,35.04764718,126.8450764,堡林堡开矫
5198,35.03445462,126.8045474,堡林堡开矫
5199,35.03455743,126.8045706,堡林堡开矫
5200,35.03301251,126.8018856,堡林堡开矫
5202,35.0064556,126.7104965,堡林堡开矫
5203,34.99284597,126.7094368,堡林堡开矫
5209,35.02398265,126.7857692,堡林堡开矫
5212,35.02408972,126.7859973,堡林堡开矫
5213,35.02330028,126.7793675,堡林堡开矫
5214,35.02325496,126.7796114,堡林堡开矫
5215,35.01914271,126.7776915,堡林堡开矫
5216,35.01921351,126.7780646,堡林堡开矫
5218,35.02051101,126.7941059,堡林堡开矫
5219,35.02063809,126.794437,堡林堡开矫
5220,35.01692007,126.794202,堡林堡开矫
5221,35.01709812,126.7944859,堡林堡开矫
5222,35.01427866,126.7775545,堡林堡开矫
5223,35.01403369,126.7774796,堡林堡开矫
5224,35.01055477,126.7827175,堡林堡开矫
5225,35.01098756,126.7816269,堡林堡开矫
5226,35.01275732,126.7953173,堡林堡开矫
5227,35.01266775,126.7956283,堡林堡开矫
5228,35.009596,126.7887043,堡林堡开矫
5229,35.00937961,126.7877714,堡林堡开矫
5230,35.00961764,126.7928796,堡林堡开矫
5231,35.00938342,126.7932436,堡林堡开矫
5234,35.03669419,126.7234102,堡林堡开矫
5235,35.0118294,126.7146072,堡林堡开矫
5236,35.011891,126.714529,堡林堡开矫
5239,35.0182527,126.7603337,堡林堡开矫
5242,35.05992139,126.7246181,堡林堡开矫
5243,35.05998834,126.7245564,堡林堡开矫
5244,35.06120026,126.7254335,堡林堡开矫
5245,35.0612354,126.7253262,堡林堡开矫
5246,35.06417949,126.7276275,堡林堡开矫
5247,35.0642256,126.727531,堡林堡开矫
5248,35.08031089,126.7227043,堡林堡开矫
5249,35.08039979,126.7226601,堡林堡开矫
5252,35.0951048,126.7401373,堡林堡开矫
5254,35.02369813,126.7905173,堡林堡开矫
5255,35.02354108,126.7906326,堡林堡开矫
5258,35.01854499,126.7603169,堡林堡开矫
5260,35.03949934,126.8191901,堡林堡开矫
5263,35.07711494,126.7304291,堡林堡开矫
5264,35.07710946,126.7303178,堡林堡开矫
5265,34.99424216,126.7125052,堡林堡开矫
5266,35.03362791,126.7217052,堡林堡开矫
5267,34.9942916,126.7124918,堡林堡开矫
5269,35.10900101,126.6848247,堡林堡开矫
5270,35.11387308,126.6835199,堡林堡开矫
5271,35.11391546,126.6834003,堡林堡开矫
5274,35.02151369,126.7654681,堡林堡开矫
5275,35.0217026,126.7662942,堡林堡开矫
5300,35.04074833,126.8429583,堡林堡开矫
5301,35.04069167,126.843055,堡林堡开矫
5303,35.01319686,126.7647401,堡林堡开矫
5304,35.01336301,126.7649045,堡林堡开矫
5309,35.04539646,126.8392659,堡林堡开矫
5310,35.04547113,126.8393571,堡林堡开矫
5311,35.04191734,126.8450463,堡林堡开矫
5312,35.04198217,126.8452859,堡林堡开矫
5313,35.042455,126.7180433,堡林堡开矫
5314,35.04244203,126.7181674,堡林堡开矫
5319,35.0885365,126.7375316,堡林堡开矫
5320,35.01639212,126.761641,堡林堡开矫
5321,35.01643393,126.7617601,堡林堡开矫
5326,35.01640133,126.7249756,堡林堡开矫
5327,35.01653417,126.7247287,堡林堡开矫
5330,35.0088,126.76933,堡林堡开矫
5331,35.00883,126.76982,堡林堡开矫
5338,35.01635601,126.7166948,堡林堡开矫
5339,35.01648781,126.7168772,堡林堡开矫
5341,35.08639549,126.7360732,堡林堡开矫
5342,35.03949274,126.8508214,堡林堡开矫
5343,35.01767841,126.7599202,堡林堡开矫
5344,35.0177506,126.7599789,堡林堡开矫
5347,35.0429976,126.7166144,堡林堡开矫
5348,35.04295807,126.7163327,堡林堡开矫
5349,35.07647837,126.7331971,堡林堡开矫
5354,35.09508725,126.7400086,堡林堡开矫
5355,35.01183346,126.7741039,堡林堡开矫
5356,35.01191034,126.7739912,堡林堡开矫
5357,35.10162672,126.7411827,堡林堡开矫
5358,35.04032667,126.7180667,堡林堡开矫
5359,35.04032286,126.7181969,堡林堡开矫
5367,35.01117956,126.7869565,堡林堡开矫
5368,35.01143439,126.7871818,堡林堡开矫
6218,35.32021,126.9884367,堡林堡开矫
6219,35.32375167,126.9854117,堡林堡开矫
6220,35.32495833,126.9870267,堡林堡开矫
6221,35.32733333,126.98876,堡林堡开矫
6222,35.30880167,126.9858867,堡林堡开矫
6223,35.31073333,126.9862017,堡林堡开矫
6224,35.31003667,126.9810167,堡林堡开矫
6225,35.30156,126.9805183,堡林堡开矫
6226,35.29872333,126.97811,堡林堡开矫
6227,35.29443,126.97615,堡林堡开矫
6228,35.28662833,126.9758467,堡林堡开矫
6229,35.28130167,126.9771683,堡林堡开矫
6230,35.27506,126.9755083,堡林堡开矫
6231,35.27313333,126.9736033,堡林堡开矫
6232,35.27116167,126.9686833,堡林堡开矫
6233,35.26864667,126.962495,堡林堡开矫
6234,35.26648333,126.961525,堡林堡开矫
6235,35.261335,126.9598083,堡林堡开矫
6236,35.31993,126.9847933,堡林堡开矫
6237,35.31976,126.9803433,堡林堡开矫
6238,35.31797167,126.9721533,堡林堡开矫
6239,35.31212833,126.9731483,堡林堡开矫
6240,35.30368667,126.96488,堡林堡开矫
6241,35.29442167,126.9631983,堡林堡开矫
6242,35.28835667,126.9626683,堡林堡开矫
6243,35.28479,126.962285,堡林堡开矫
6244,35.28157167,126.9592217,堡林堡开矫
6245,35.15760333,127.05996,堡林堡开矫
6246,35.15722533,127.06016,堡林堡开矫
6247,35.32021167,126.9852633,堡林堡开矫
6248,35.16036333,126.9142733,堡林堡开矫
6249,35.25050333,126.9700183,堡林堡开矫
6250,35.20749833,126.9833167,堡林堡开矫
6251,35.20759833,126.9832867,堡林堡开矫
6252,35.16037833,126.914425,堡林堡开矫
6253,35.23920941,126.9607233,堡林堡开矫
6254,35.23209167,126.9684021,堡林堡开矫
6255,35.23560167,126.9738521,堡林堡开矫
6256,35.22540667,126.9715617,堡林堡开矫
6257,35.22424333,126.972313,堡林堡开矫
6258,35.231038,127.026465,堡林堡开矫
6259,35.227344,127.032308,堡林堡开矫
6260,35.231097,127.026498,堡林堡开矫
6261,35.22832667,127.0190567,堡林堡开矫
6262,35.222305,127.020205,堡林堡开矫
6263,35.2198,127.0206567,堡林堡开矫
6264,35.222475,127.0202583,堡林堡开矫
6265,35.22830167,127.0191567,堡林堡开矫
6266,35.24530333,127.02509,堡林堡开矫
6267,35.247475,127.0259217,堡林堡开矫
6268,35.252765,127.0244317,堡林堡开矫
6269,35.253755,127.0221417,堡林堡开矫
6270,35.25416833,127.0204617,堡林堡开矫
6271,35.25471833,127.0177583,堡林堡开矫
6272,35.25216167,127.0110767,堡林堡开矫
6273,35.25303,127.0070717,堡林堡开矫
6274,35.25409,127.0006683,堡林堡开矫
6275,35.251605,126.9985767,堡林堡开矫
6276,35.2467,126.9969067,堡林堡开矫
6277,35.25509833,126.9887917,堡林堡开矫
6278,35.25577333,126.9871233,堡林堡开矫
6279,35.26083167,126.9851217,堡林堡开矫
6280,35.26720167,126.9841233,堡林堡开矫
6281,35.26807167,126.97811,堡林堡开矫
6282,35.27306333,126.97397,堡林堡开矫
6283,35.25191667,126.9992783,堡林堡开矫
6284,35.24346667,126.9721467,堡林堡开矫
6285,35.2447,126.9751833,堡林堡开矫
6286,35.24473833,126.9778017,堡林堡开矫
6287,35.24374,126.9845217,堡林堡开矫
6288,35.24308333,126.9949083,堡林堡开矫
6289,35.23631667,126.98849,堡林堡开矫
6290,35.235855,126.9919233,堡林堡开矫
6291,35.23445333,126.9953533,堡林堡开矫
6292,35.228545,126.997915,堡林堡开矫
6293,35.25049167,127.0560733,堡林堡开矫
6294,35.25235667,127.0614133,堡林堡开矫
6295,35.25766667,127.05855,堡林堡开矫
6296,35.25991167,127.0584267,堡林堡开矫
6297,35.26235333,127.0588083,堡林堡开矫
6298,35.26466333,127.0592717,堡林堡开矫
6299,35.26506667,127.0564917,堡林堡开矫
6300,35.26660167,127.0409667,堡林堡开矫
6301,35.26612333,127.0392883,堡林堡开矫
6302,35.26740167,127.0354783,堡林堡开矫
6303,35.26462354,127.0595217,堡林堡开矫
6304,35.26463384,127.0608289,堡林堡开矫
6305,35.26777667,127.0776433,堡林堡开矫
6306,35.26949167,127.0817533,堡林堡开矫
6307,35.27483667,127.0751717,堡林堡开矫
6308,35.27657167,127.0730333,堡林堡开矫
6309,35.28207833,127.0613967,堡林堡开矫
6310,35.28418333,127.0579967,堡林堡开矫
6311,35.28408833,127.053815,堡林堡开矫
6312,35.286655,127.0439717,堡林堡开矫
6313,35.29024833,127.0388933,堡林堡开矫
6314,35.29198333,127.0354233,堡林堡开矫
6315,35.29391333,127.0303833,堡林堡开矫
6316,35.29465833,127.027195,堡林堡开矫
6317,35.29527667,127.0237933,堡林堡开矫
6318,35.29463167,127.0170867,堡林堡开矫
6319,35.29554333,127.0077383,堡林堡开矫
6320,35.29700333,127.00332,堡林堡开矫
6321,35.29770333,126.998585,堡林堡开矫
6322,35.29767167,126.9964283,堡林堡开矫
6323,35.29818167,126.9932367,堡林堡开矫
6324,35.30431833,126.9894367,堡林堡开矫
6325,35.30804833,126.9858883,堡林堡开矫
6326,35.309645,126.9813483,堡林堡开矫
6327,35.27139167,126.99026,堡林堡开矫
6328,35.27782833,127.0126617,堡林堡开矫
6329,35.285205,127.0033317,堡林堡开矫
6330,35.28706667,127.0040917,堡林堡开矫
6331,35.28947333,126.9957083,堡林堡开矫
6332,35.32752833,126.9885417,堡林堡开矫
6333,35.32497,126.986765,堡林堡开矫
6334,35.32406667,126.9854117,堡林堡开矫
6335,35.319805,126.98549,堡林堡开矫
6336,35.32012167,126.9884383,堡林堡开矫
6337,35.29241833,126.97824,堡林堡开矫
6338,35.2505024,126.96958,堡林堡开矫
6339,35.31076333,126.986115,堡林堡开矫
6340,35.30878,126.98574,堡林堡开矫
6341,35.20773333,126.9831133,堡林堡开矫
6342,35.21173833,126.97977,堡林堡开矫
6343,35.21461,126.9787767,堡林堡开矫
6344,35.21708333,126.9772883,堡林堡开矫
6345,35.22205667,126.9741933,堡林堡开矫
6346,35.15612667,127.0537883,堡林堡开矫
6347,35.20481333,126.9857817,堡林堡开矫
6348,35.23863333,127.013295,堡林堡开矫
6349,35.24366167,126.9998533,堡林堡开矫
6350,35.17049167,126.921825,堡林堡开矫
6351,35.17354667,126.9257267,堡林堡开矫
6352,35.25673,126.9588067,堡林堡开矫
6353,35.26550333,126.9616333,堡林堡开矫
6354,35.27016167,126.9647367,堡林堡开矫
6355,35.27091333,126.9686683,堡林堡开矫
6356,35.27270167,126.973445,堡林堡开矫
6357,35.275545,126.976255,堡林堡开矫
6358,35.28089,126.97764,堡林堡开矫
6359,35.28707667,126.97655,堡林堡开矫
6360,35.29418,126.9763517,堡林堡开矫
6361,35.298685,126.9783517,堡林堡开矫
6362,35.30167667,126.9808283,堡林堡开矫
6363,35.30873167,126.981255,堡林堡开矫
6364,35.315025,126.9840117,堡林堡开矫
6365,35.24802833,127.00367,堡林堡开矫
6366,35.24319,126.99493,堡林堡开矫
6367,35.24692833,126.9877417,堡林堡开矫
6368,35.24664833,126.985655,堡林堡开矫
6369,35.24378833,126.98461,堡林堡开矫
6370,35.22424333,126.972495,堡林堡开矫
6371,35.22540667,126.9716617,堡林堡开矫
6372,35.23191167,126.9686067,堡林堡开矫
6373,35.23931,126.9609233,堡林堡开矫
6374,35.24481667,126.9778717,堡林堡开矫
6375,35.24481667,126.9751967,堡林堡开矫
6376,35.24349333,126.9720817,堡林堡开矫
6377,35.24872333,126.97019,堡林堡开矫
6378,35.183195,127.094435,堡林堡开矫
6379,35.18525167,127.088735,堡林堡开矫
6380,35.20257,127.0795367,堡林堡开矫
6381,35.24697167,127.0341433,堡林堡开矫
6382,35.25055667,127.0509667,堡林堡开矫
6383,35.24325667,127.0717917,堡林堡开矫
6384,35.23824167,127.079255,堡林堡开矫
6385,35.23684,127.080405,堡林堡开矫
6386,35.23242033,127.0805833,堡林堡开矫
6387,35.23111833,127.07389,堡林堡开矫
6388,35.23221333,127.0805983,堡林堡开矫
6389,35.22783833,127.0855517,堡林堡开矫
6390,35.21983,127.09008,堡林堡开矫
6391,35.21416,127.095,堡林堡开矫
6392,35.19867333,127.093565,堡林堡开矫
6393,35.19651167,127.0955,堡林堡开矫
6394,35.19183833,127.0985383,堡林堡开矫
6395,35.18914,127.0995767,堡林堡开矫
6396,35.15613333,127.053465,堡林堡开矫
6397,35.28132167,126.9592167,堡林堡开矫
6398,35.284695,126.9624083,堡林堡开矫
6399,35.28855,126.9628417,堡林堡开矫
6400,35.29436667,126.9632633,堡林堡开矫
6401,35.30373,126.965075,堡林堡开矫
6402,35.312045,126.973255,堡林堡开矫
6403,35.31833333,126.9724317,堡林堡开矫
6404,35.319515,126.9800567,堡林堡开矫
6405,35.31984167,126.984785,堡林堡开矫
6406,35.24768167,127.04297,堡林堡开矫
6407,35.242,127.0453867,堡林堡开矫
6408,35.23565333,127.049835,堡林堡开矫
6409,35.20769667,127.059135,堡林堡开矫
6410,35.18296833,127.05503,堡林堡开矫
6411,35.20571833,127.0355067,堡林堡开矫
6412,35.24737,127.0345,堡林堡开矫
6413,35.22207667,126.9741233,堡林堡开矫
6414,35.217335,126.97706,堡林堡开矫
6415,35.230365,127.008465,堡林堡开矫
6416,35.22246167,126.9734333,堡林堡开矫
6417,35.21449167,126.978755,堡林堡开矫
6418,35.21166,126.9796433,堡林堡开矫
6419,35.20767167,126.9830817,堡林堡开矫
6420,35.20563,126.983825,堡林堡开矫
6421,35.20171333,126.9900033,堡林堡开矫
6422,35.19710667,126.9913417,堡林堡开矫
6423,35.19267167,126.99478,堡林堡开矫
6424,35.18725667,127.0042317,堡林堡开矫
6425,35.18561,127.0063333,堡林堡开矫
6426,35.18381,127.00848,堡林堡开矫
6427,35.18257833,127.0114267,堡林堡开矫
6428,35.18226,127.0132333,堡林堡开矫
6429,35.17917667,127.021325,堡林堡开矫
6430,35.177085,127.0276383,堡林堡开矫
6431,35.16533333,127.0355117,堡林堡开矫
6432,35.1649,127.0369367,堡林堡开矫
6433,35.16314833,127.0401867,堡林堡开矫
6434,35.15878,127.05885,堡林堡开矫
6435,35.16626833,127.0577433,堡林堡开矫
6436,35.17082833,127.0556733,堡林堡开矫
6437,35.17675,127.0546583,堡林堡开矫
6438,35.18301667,127.055095,堡林堡开矫
6439,35.176715,127.0545633,堡林堡开矫
6440,35.17064667,127.055665,堡林堡开矫
6441,35.166355,127.057685,堡林堡开矫
6442,35.157305,127.05962,堡林堡开矫
6443,35.15461333,127.061125,堡林堡开矫
6444,35.14409,127.0625433,堡林堡开矫
6445,35.13861167,127.046685,堡林堡开矫
6446,35.13769,127.0438283,堡林堡开矫
6447,35.13863667,127.0464133,堡林堡开矫
6448,35.13957667,127.065675,堡林堡开矫
6449,35.13778,127.0683133,堡林堡开矫
6450,35.13707,127.07186,堡林堡开矫
6451,35.135805,127.074105,堡林堡开矫
6452,35.13049833,127.080625,堡林堡开矫
6453,35.13117,127.084335,堡林堡开矫
6454,35.20488667,126.9856317,堡林堡开矫
6455,35.23023,127.0085383,堡林堡开矫
6456,35.13150833,127.08482,堡林堡开矫
6457,35.13089167,127.0797383,堡林堡开矫
6458,35.13559333,127.0746083,堡林堡开矫
6459,35.13705833,127.0721,堡林堡开矫
6460,35.13772167,127.0688583,堡林堡开矫
6461,35.13962,127.065765,堡林堡开矫
6462,35.14400167,127.0626683,堡林堡开矫
6463,35.15444167,127.0612483,堡林堡开矫
6464,35.1632,127.040245,堡林堡开矫
6465,35.16497167,127.0373017,堡林堡开矫
6466,35.16534833,127.035715,堡林堡开矫
6467,35.177145,127.0277933,堡林堡开矫
6468,35.17885333,127.0223983,堡林堡开矫
6469,35.18227833,127.013465,堡林堡开矫
6470,35.182625,127.0122733,堡林堡开矫
6471,35.183695,127.00866,堡林堡开矫
6472,35.18545,127.0067083,堡林堡开矫
6473,35.18701167,127.0047467,堡林堡开矫
6474,35.19252667,126.995025,堡林堡开矫
6475,35.19748333,126.991645,堡林堡开矫
6476,35.201465,126.99018,堡林堡开矫
6477,35.20555167,126.9839333,堡林堡开矫
6478,35.20883167,126.99455,堡林堡开矫
6479,35.292145,126.97839,堡林堡开矫
6586,35.243855,126.8128383,堡林堡开矫
6588,35.243935,126.8130133,堡林堡开矫
6609,35.25985833,127.0582833,堡林堡开矫
6610,35.26225667,127.0586567,堡林堡开矫
6611,35.25756167,127.0584433,堡林堡开矫
6612,35.25063333,127.0509767,堡林堡开矫
6613,35.25154167,126.9986833,堡林堡开矫
6614,35.24682667,126.9966583,堡林堡开矫
6615,35.252075,127.0110133,堡林堡开矫
6616,35.285235,127.0032917,堡林堡开矫
6617,35.30440833,126.989205,堡林堡开矫
6618,35.26128333,126.9851667,堡林堡开矫
6619,35.29755167,126.99857,堡林堡开矫
6620,35.25578833,126.9867717,堡林堡开矫
6621,35.25519667,126.9884133,堡林堡开矫
6622,35.29824833,126.99292,堡林堡开矫
