정류장번호,위도,경도,도시명
1022,35.18503611,126.8357417,광주광역시
1023,35.18517778,126.8361083,광주광역시
1024,35.12658889,126.8825389,광주광역시
1025,35.15639722,126.8100194,광주광역시
1026,35.15646667,126.8098806,광주광역시
1029,35.157775,126.8065556,광주광역시
1030,35.15783333,126.8068056,광주광역시
1031,35.15200833,126.8098056,광주광역시
1032,35.15195833,126.8101167,광주광역시
1035,35.15047778,126.9058889,광주광역시
1036,35.15007778,126.9056917,광주광역시
1037,35.225379,126.900644,광주광역시
1038,35.22552,126.900908,광주광역시
1043,35.17615556,126.8155944,광주광역시
1044,35.17602778,126.8153444,광주광역시
1046,35.17922222,126.8199639,광주광역시
1047,35.17936389,126.8209806,광주광역시
1048,35.17453056,126.8175806,광주광역시
1049,35.17422778,126.8171889,광주광역시
1050,35.177925,126.8149861,광주광역시
1053,35.176518,126.817813,광주광역시
1055,35.132085,126.943161,광주광역시
1056,35.13229444,126.9448194,광주광역시
1057,35.13226111,126.9424167,광주광역시
1058,35.21504722,126.9001972,광주광역시
1059,35.17713611,126.8782972,광주광역시
1060,35.17821111,126.8772056,광주광역시
1061,35.17910833,126.8755417,광주광역시
1063,35.18116389,126.8736639,광주광역시
1064,35.18189722,126.8727194,광주광역시
1065,35.150297,126.85656,광주광역시
1067,35.150195,126.857816,광주광역시
1068,35.148074,126.856656,광주광역시
1069,35.149152,126.856017,광주광역시
1071,35.15344722,126.8472778,광주광역시
1072,35.21503333,126.8344972,광주광역시
1073,35.12913611,126.8850639,광주광역시
1075,35.12952222,126.8852778,광주광역시
1076,35.13049167,126.8873056,광주광역시
1077,35.13079167,126.8874806,광주광역시
1079,35.1983,126.7670833,광주광역시
1080,35.12493889,126.7674333,광주광역시
1081,35.00851389,126.9571806,광주광역시
1082,35.14639722,126.9871278,광주광역시
1083,35.14668889,126.9870306,광주광역시
1084,35.21849722,126.8325,광주광역시
1085,35.24110556,126.8153194,광주광역시
1086,35.17188889,126.8120333,광주광역시
1087,35.17237,126.80666,광주광역시
1088,35.172119,126.807066,광주광역시
1089,35.16798333,126.8090583,광주광역시
1090,35.16753056,126.8088806,광주광역시
1091,35.17118889,126.8093917,광주광역시
1092,35.17148889,126.8092694,광주광역시
1094,35.13566389,126.8741389,광주광역시
1095,35.13583889,126.8740167,광주광역시
1096,35.23632222,126.7381056,광주광역시
1097,35.20945833,126.9500639,광주광역시
1098,35.21053056,126.9495833,광주광역시
1099,35.20457222,126.9014861,광주광역시
1100,35.19837778,126.6813028,광주광역시
1101,35.14419167,126.8916639,광주광역시
1102,35.14523889,126.8905194,광주광역시
1103,35.141367,126.8939,광주광역시
1104,35.14219444,126.8928306,광주광역시
1105,35.142138,126.888032,광주광역시
1106,35.14205278,126.8882,광주광역시
1107,35.20432222,126.90135,광주광역시
1108,35.14359444,126.8907917,광주광역시
1109,35.14362222,126.8907167,광주광역시
1110,35.21047222,126.9449528,광주광역시
1111,35.210975,126.9456472,광주광역시
1112,35.1469,126.8977861,광주광역시
1113,35.14707778,126.89755,광주광역시
1114,35.14098611,126.8372222,광주광역시
1115,35.23820278,126.8180028,광주광역시
1116,35.24446667,126.8637972,광주광역시
1119,35.21094167,126.9010444,광주광역시
1120,35.21203056,126.9011889,광주광역시
1121,35.164725,126.8634028,광주광역시
1122,35.12595833,126.9162583,광주광역시
1123,35.12587778,126.9162639,광주광역시
1124,35.176975,126.8972056,광주광역시
1125,35.17711111,126.8970389,광주광역시
1126,35.16642778,126.8583611,광주광역시
1127,35.16653056,126.8583972,광주광역시
1128,35.233175,126.8500833,광주광역시
1129,35.232625,126.85015,광주광역시
1132,35.06916667,126.9752361,광주광역시
1136,35.216178,126.902816,광주광역시
1137,35.20636389,126.8977472,광주광역시
1138,35.20685556,126.8976028,광주광역시
1139,35.146799,126.903628,광주광역시
1140,35.146553,126.903857,광주광역시
1141,35.22085278,126.8362083,광주광역시
1142,35.21906111,126.8372444,광주광역시
1143,35.20766667,126.7520833,광주광역시
1144,35.21991111,126.742975,광주광역시
1145,35.21653611,126.7528389,광주광역시
1146,35.219175,126.7446306,광주광역시
1147,35.21875556,126.74575,광주광역시
1148,35.22063333,126.7408917,광주광역시
1149,35.215125,126.74675,광주광역시
1150,35.229605,126.733384,광주광역시
1151,35.162948,126.8972,광주광역시
1152,35.162492,126.897635,광주광역시
1153,35.16533889,126.8942611,광주광역시
1154,35.165145,126.895134,광주광역시
1155,35.16999444,126.8845361,광주광역시
1156,35.16668333,126.8917889,광주광역시
1157,35.164202,126.887561,광주광역시
1158,35.163467,126.887547,광주광역시
1159,35.16667,126.892267,광주광역시
1161,35.18863056,126.7401528,광주광역시
1162,35.25048056,126.7716194,광주광역시
1163,35.26185556,126.8448639,광주광역시
1164,35.02562778,127.022125,광주광역시
1165,35.200203,126.933688,광주광역시
1166,35.13372778,126.7803806,광주광역시
1167,35.13406111,126.7805194,광주광역시
1168,35.13599722,126.7829306,광주광역시
1169,35.13606944,126.7830222,광주광역시
1171,35.133775,126.9067194,광주광역시
1172,35.13361944,126.9071167,광주광역시
1174,35.183175,126.78845,광주광역시
1175,35.15579722,126.9358778,광주광역시
1176,35.15613333,126.9369694,광주광역시
1177,35.15615,126.9367,광주광역시
1178,35.20028889,126.7951333,광주광역시
1181,35.15182193,126.8720355,광주광역시
1182,35.15146944,126.87265,광주광역시
1183,35.194486,126.84595,광주광역시
1185,35.19444444,126.8455917,광주광역시
1186,35.194885,126.841975,광주광역시
1187,35.18687778,126.8863278,광주광역시
1188,35.18634722,126.8856167,광주광역시
1189,35.18755556,126.8896528,광주광역시
1190,35.18743056,126.8891583,광주광역시
1191,35.140992,126.92149,광주광역시
1192,35.140989,126.921794,광주광역시
1193,35.15083889,126.9201778,광주광역시
1196,35.15073611,126.920125,광주광역시
1198,35.052477,126.908961,광주광역시
1199,35.17503333,126.9124722,광주광역시
1200,35.17497222,126.9126472,광주광역시
1201,35.17645278,126.9122528,광주광역시
1202,35.17686389,126.9123667,광주광역시
1204,35.16917778,126.9026083,광주광역시
1205,35.16901389,126.9021806,광주광역시
1206,35.16846389,126.9044611,광주광역시
1207,35.168528,126.905346,광주광역시
1208,35.17175278,126.902325,광주광역시
1209,35.17156944,126.90325,광주광역시
1210,35.17009722,126.9038222,광주광역시
1211,35.170201,126.904101,광주광역시
1212,35.15916389,126.9442083,광주광역시
1213,35.15919444,126.9439722,광주광역시
1214,35.20651389,126.8427444,광주광역시
1215,35.20613611,126.8446194,광주광역시
1218,35.20549722,126.8440028,광주광역시
1219,35.15242778,126.7928306,광주광역시
1220,35.15278611,126.7929889,광주광역시
1221,35.05401111,126.9979917,광주광역시
1222,35.12769722,126.9069333,광주광역시
1223,35.12778611,126.9074,광주광역시
1224,35.14072222,126.8913722,광주광역시
1225,35.141428,126.890658,광주광역시
1226,35.182675,126.9187111,광주광역시
1227,35.18252222,126.9187417,광주광역시
1228,35.21468889,126.8760583,광주광역시
1229,35.21454444,126.8757833,광주광역시
1230,35.14376,126.925382,광주광역시
1231,35.143614,126.925678,광주광역시
1232,35.14486111,126.9237806,광주광역시
1233,35.14496389,126.9237333,광주광역시
1234,35.141875,126.924475,광주광역시
1235,35.06123889,126.9863083,광주광역시
1236,35.24458611,126.7401583,광주광역시
1237,35.23847222,126.7385111,광주광역시
1238,35.13013889,126.8550222,광주광역시
1239,35.129686,126.8552,광주광역시
1241,35.144212,126.843859,광주광역시
1242,35.13816944,126.8771056,광주광역시
1243,35.13821667,126.8772361,광주광역시
1245,35.16374167,126.9370222,광주광역시
1246,35.163625,126.9368917,광주광역시
1247,35.21264444,126.8705056,광주광역시
1248,35.21228333,126.8704833,광주광역시
1249,35.17995833,126.914,광주광역시
1250,35.17981667,126.9151361,광주광역시
1251,35.16654444,126.8030528,광주광역시
1252,35.16651389,126.8048833,광주광역시
1253,35.18454167,126.8322167,광주광역시
1254,35.16612778,126.9323222,광주광역시
1255,35.16640278,126.9323139,광주광역시
1256,35.10185,126.9393806,광주광역시
1260,35.13571667,126.8983583,광주광역시
1261,35.136528,126.897252,광주광역시
1262,35.12841111,126.9043694,광주광역시
1263,35.128366,126.904687,광주광역시
1264,35.143225,126.883922,광주광역시
1265,35.1433,126.884116,광주광역시
1266,35.13265833,126.8644528,광주광역시
1267,35.13245556,126.8645056,광주광역시
1268,35.20434722,126.9529639,광주광역시
1269,35.20416389,126.95295,광주광역시
1270,35.20209167,126.9540944,광주광역시
1271,35.20195,126.9539556,광주광역시
1272,35.17190833,126.8631361,광주광역시
1273,35.1721,126.8632361,광주광역시
1275,35.20886389,126.8149833,광주광역시
1276,35.14638056,126.910925,광주광역시
1278,35.24348611,126.8127611,광주광역시
1279,35.17553611,126.8820722,광주광역시
1280,35.14867778,126.7936167,광주광역시
1281,35.14854444,126.7934694,광주광역시
1282,35.18742778,126.8955139,광주광역시
1283,35.18731389,126.8935528,광주광역시
1284,35.16129444,126.9144944,광주광역시
1285,35.16168889,126.914875,광주광역시
1286,35.18421944,126.9236861,광주광역시
1287,35.166875,126.9113972,광주광역시
1288,35.16071111,126.9102139,광주광역시
1289,35.16096667,126.9103222,광주광역시
1290,35.17071111,126.9112444,광주광역시
1291,35.219625,126.8191639,광주광역시
1292,35.21953889,126.8191028,광주광역시
1293,35.145193,126.869428,광주광역시
1294,35.12490278,126.8756639,광주광역시
1295,35.14496111,126.8686611,광주광역시
1296,35.16763611,126.9162111,광주광역시
1297,35.16766667,126.9163639,광주광역시
1299,35.17239722,126.890675,광주광역시
1300,35.17207222,126.8909056,광주광역시
1301,35.15656111,126.8905556,광주광역시
1302,35.15156111,126.8453167,광주광역시
1303,35.15136667,126.845575,광주광역시
1304,35.13419167,126.9552638,광주광역시
1305,35.19016667,126.7425889,광주광역시
1306,35.21918586,126.8789826,광주광역시
1307,35.21922222,126.8786972,광주광역시
1308,35.18729722,126.7372389,광주광역시
1309,35.15203056,126.9306278,광주광역시
1310,35.15169722,126.9307722,광주광역시
1311,35.15031667,126.9449556,광주광역시
1312,35.22938297,126.8853498,광주광역시
1313,35.22720712,126.8841553,광주광역시
1314,35.225484,126.882962,광주광역시
1315,35.225554,126.882764,광주광역시
1316,35.13588056,126.7978806,광주광역시
1320,35.21121389,126.7885194,광주광역시
1321,35.21373056,126.7905556,광주광역시
1322,35.16588056,126.8729861,광주광역시
1323,35.16604167,126.872925,광주광역시
1324,35.11853611,126.8990111,광주광역시
1326,35.27279167,126.833375,광주광역시
1327,35.26213333,126.8222222,광주광역시
1328,35.02795833,127.0344139,광주광역시
1329,35.02800833,127.034275,광주광역시
1330,35.20720556,126.770875,광주광역시
1331,35.00286389,126.9587833,광주광역시
1332,35.02958333,127.048,광주광역시
1333,35.02968889,127.0479389,광주광역시
1334,35.21051667,126.7612556,광주광역시
1336,35.19081667,126.8775472,광주광역시
1338,35.219598,126.84173,광주광역시
1340,35.23809444,126.8604139,광주광역시
1342,35.21703056,126.8314694,광주광역시
1343,35.21501667,126.8346972,광주광역시
1344,35.23869167,126.8627333,광주광역시
1349,35.16986944,126.9269139,광주광역시
1350,35.16990278,126.9272722,광주광역시
1351,35.22179167,126.8455972,광주광역시
1352,35.22194167,126.8454889,광주광역시
1353,35.19346667,126.8770972,광주광역시
1354,35.19333611,126.8768528,광주광역시
1357,35.19744444,126.9535667,광주광역시
1358,35.05823056,126.9924167,광주광역시
1359,35.181975,126.8807,광주광역시
1360,35.18273611,126.8809056,광주광역시
1361,35.25152222,126.8631111,광주광역시
1366,35.15071667,126.9113667,광주광역시
1367,35.161575,126.98065,광주광역시
1368,35.16165833,126.9807972,광주광역시
1369,35.14860833,126.9134417,광주광역시
1370,35.14807778,126.9128694,광주광역시
1371,35.14861111,126.9136167,광주광역시
1372,35.14458333,126.8605083,광주광역시
1373,35.16618771,126.8641064,광주광역시
1374,35.16605833,126.8670583,광주광역시
1375,35.16619167,126.8666694,광주광역시
1376,35.166355,126.864529,광주광역시
1377,35.149429,126.916271,광주광역시
1378,35.19780278,126.8794083,광주광역시
1379,35.197675,126.8789194,광주광역시
1381,35.167725,126.8955056,광주광역시
1382,35.16819444,126.8943306,광주광역시
1383,35.12352222,126.9301722,광주광역시
1384,35.12364722,126.9302583,광주광역시
1385,35.17535278,126.8087,광주광역시
1388,35.17554444,126.8085083,광주광역시
1389,35.17033611,126.803175,광주광역시
1390,35.170228,126.802754,광주광역시
1391,35.21344167,126.8005583,광주광역시
1392,35.22831389,126.8602667,광주광역시
1393,35.23053611,126.8631222,광주광역시
1394,35.23059167,126.8630667,광주광역시
1395,35.16033056,126.987,광주광역시
1396,35.16023056,126.9870833,광주광역시
1397,35.12905833,126.7927167,광주광역시
1398,35.12098056,126.7797472,광주광역시
1399,35.12482222,126.7684417,광주광역시
1401,35.12453056,126.76125,광주광역시
1404,35.16770278,126.6906111,광주광역시
1405,35.24044444,126.7896028,광주광역시
1406,35.2653,126.8386528,광주광역시
1407,35.17273611,126.9177528,광주광역시
1408,35.17294722,126.9173333,광주광역시
1409,35.13033889,126.9327861,광주광역시
1410,35.16975278,126.9110389,광주광역시
1413,35.12419167,126.8649167,광주광역시
1414,35.12391389,126.863575,광주광역시
1416,35.12575556,126.8695611,광주광역시
1417,35.12559167,126.8701389,광주광역시
1418,35.161925,126.929475,광주광역시
1419,35.183328,126.797009,광주광역시
1421,35.216423,126.80132,광주광역시
1422,35.21340833,126.7948972,광주광역시
1423,35.21323611,126.8005056,광주광역시
1424,35.181806,126.795128,광주광역시
1425,35.185214,126.794722,광주광역시
1426,35.14190556,126.9174028,광주광역시
1427,35.19181944,126.6700139,광주광역시
1428,35.13450278,126.9274333,광주광역시
1429,35.134789,126.926928,광주광역시
1430,35.13699722,126.9252611,광주광역시
1431,35.13665556,126.9252972,광주광역시
1432,35.135827,126.921311,광주광역시
1433,35.136048,126.922258,광주광역시
1434,35.13311,126.947922,광주광역시
1435,35.23295833,126.8584361,광주광역시
1436,35.23309167,126.8585444,광주광역시
1437,35.21366667,126.8169583,광주광역시
1438,35.15713056,126.8692556,광주광역시
1439,35.15688056,126.8690722,광주광역시
1440,35.22811667,126.8576806,광주광역시
1441,35.22801111,126.8577972,광주광역시
1442,35.13335278,126.8593778,광주광역시
1443,35.13347778,126.8590944,광주광역시
1444,35.12102778,126.8811417,광주광역시
1445,35.21038889,126.8961611,광주광역시
1446,35.21023333,126.8951611,광주광역시
1447,35.121125,126.8806528,광주광역시
1448,35.19678611,126.7989333,광주광역시
1449,35.15538333,126.8454556,광주광역시
1450,35.15518056,126.8456222,광주광역시
1451,35.04680833,126.999275,광주광역시
1452,35.04697222,126.999275,광주광역시
1453,35.06047222,126.9977639,광주광역시
1454,35.06032778,126.9978028,광주광역시
1455,35.12844,126.930521,광주광역시
1456,35.128587,126.930109,광주광역시
1457,35.20688611,126.8940639,광주광역시
1458,35.20650556,126.8942,광주광역시
1459,35.18598889,126.9051194,광주광역시
1460,35.18496389,126.905675,광주광역시
1461,35.18560278,126.9055306,광주광역시
1463,35.14695278,126.7903,광주광역시
1464,35.14681944,126.7903972,광주광역시
1465,35.18426944,126.9071167,광주광역시
1466,35.18412778,126.9071028,광주광역시
1467,35.16610278,126.9143333,광주광역시
1468,35.16602222,126.9138167,광주광역시
1469,35.15745278,126.8748389,광주광역시
1470,35.15765556,126.8737639,광주광역시
1471,35.19533611,126.8767167,광주광역시
1472,35.19524722,126.8769611,광주광역시
1473,35.179823,126.814517,광주광역시
1474,35.16178056,126.9076806,광주광역시
1475,35.13250556,126.9253889,광주광역시
1476,35.20349167,126.8940472,광주광역시
1477,35.20423611,126.8942083,광주광역시
1478,35.20686667,126.9011972,광주광역시
1479,35.20986111,126.9012889,광주광역시
1480,35.18143333,126.8954667,광주광역시
1481,35.18176944,126.8954139,광주광역시
1482,35.17905833,126.9175139,광주광역시
1483,35.17892778,126.9186111,광주광역시
1484,35.15431389,126.8766333,광주광역시
1485,35.157798,126.865013,광주광역시
1486,35.157961,126.865353,광주광역시
1487,35.15393611,126.8767472,광주광역시
1489,35.20240278,126.8008556,광주광역시
1490,35.20220278,126.800825,광주광역시
1491,35.15095833,126.8607778,광주광역시
1493,35.15104444,126.8632194,광주광역시
1494,35.15737214,126.9357588,광주광역시
1495,35.15765278,126.9354028,광주광역시
1497,35.15968611,126.8631528,광주광역시
1498,35.21146944,126.8486333,광주광역시
1499,35.21136667,126.8488083,광주광역시
1500,35.22343889,126.8242667,광주광역시
1501,35.21753611,126.8387611,광주광역시
1502,35.126802,126.789745,광주광역시
1503,35.126949,126.789686,광주광역시
1504,35.12598611,126.85535,광주광역시
1505,35.19906039,126.8382812,광주광역시
1506,35.125806,126.855433,광주광역시
1507,35.22330556,126.8242139,광주광역시
1508,35.21011111,126.8512806,광주광역시
1509,35.21008333,126.8514722,광주광역시
1510,35.13170833,126.9359444,광주광역시
1511,35.13208611,126.9353444,광주광역시
1512,35.19679444,126.6664528,광주광역시
1513,35.05441111,126.976375,광주광역시
1514,35.03333611,127.0699083,광주광역시
1515,35.03342778,127.070025,광주광역시
1516,35.059625,126.9892583,광주광역시
1517,35.05961389,126.9893861,광주광역시
1518,35.06040278,126.9893639,광주광역시
1520,35.05300278,126.9712556,광주광역시
1521,35.06338611,126.9801111,광주광역시
1522,35.063325,126.9800056,광주광역시
1523,35.06035833,126.9940944,광주광역시
1524,35.06051389,126.9941944,광주광역시
1525,35.05960278,126.9825694,광주광역시
1526,35.052375,126.9622583,광주광역시
1527,35.031975,127.01455,광주광역시
1528,35.06039722,126.9914917,광주광역시
1529,35.06130556,126.9837444,광주광역시
1532,35.05919722,127.0019667,광주광역시
1533,35.05906389,127.0020667,광주광역시
1534,35.06040278,126.9996333,광주광역시
1535,35.06024722,127.00035,광주광역시
1536,35.05699444,126.9797083,광주광역시
1537,35.05562778,126.9790056,광주광역시
1538,35.05568889,126.9831333,광주광역시
1539,35.15453333,126.9695417,광주광역시
1540,35.154375,126.9696333,광주광역시
1541,35.133046,126.948146,광주광역시
1542,35.14359167,126.8740167,광주광역시
1543,35.13895278,126.8729861,광주광역시
1544,35.13919444,126.8731694,광주광역시
1545,35.15226111,126.8776778,광주광역시
1546,35.15203611,126.8779306,광주광역시
1549,35.15002222,126.8782583,광주광역시
1550,35.15022778,126.8782722,광주광역시
1551,35.147525,126.8842556,광주광역시
1552,35.14770833,126.8848583,광주광역시
1553,35.14533889,126.8821639,광주광역시
1554,35.14548056,126.8822111,광주광역시
1556,35.1553,126.8831556,광주광역시
1557,35.155025,126.883617,광주광역시
1558,35.19483611,126.8046472,광주광역시
1559,35.20045556,126.795325,광주광역시
1560,35.17813889,126.7173806,광주광역시
1561,35.14484722,126.8646306,광주광역시
1563,35.16844167,126.9132194,광주광역시
1564,35.168525,126.9135806,광주광역시
1566,35.19586667,126.7508556,광주광역시
1568,35.17992778,126.809575,광주광역시
1569,35.180224,126.807363,광주광역시
1571,35.14011944,126.8585389,광주광역시
1572,35.140561,126.858826,광주광역시
1573,35.15608056,126.8551278,광주광역시
1574,35.15606667,126.8548528,광주광역시
1576,35.14364444,126.9071028,광주광역시
1577,35.20145,126.8743139,광주광역시
1578,35.20115833,126.8747639,광주광역시
1579,35.14264167,126.8400611,광주광역시
1580,35.19656944,126.7993444,광주광역시
1581,35.20249167,126.9353583,광주광역시
1583,35.14123056,126.8371917,광주광역시
1584,35.17182222,126.8691333,광주광역시
1585,35.12583056,126.7873694,광주광역시
1589,35.15212222,126.7807472,광주광역시
1591,35.15175278,126.7770389,광주광역시
1592,35.15073611,126.7727361,광주광역시
1593,35.149375,126.7685389,광주광역시
1594,35.15121111,126.7565889,광주광역시
1595,35.1517,126.7502333,광주광역시
1596,35.154352,126.740175,광주광역시
1598,35.15508889,126.7392472,광주광역시
1599,35.15833611,126.7381861,광주광역시
1601,35.16273056,126.7399028,광주광역시
1603,35.15289167,126.7358889,광주광역시
1604,35.15306944,126.731525,광주광역시
1605,35.168,126.7293889,광주광역시
1606,35.17264722,126.7279861,광주광역시
1609,35.15659722,126.7219917,광주광역시
1610,35.15895833,126.7163917,광주광역시
1611,35.15967222,126.7111278,광주광역시
1612,35.16091667,126.7078778,광주광역시
1613,35.16285278,126.7012389,광주광역시
1615,35.1667,126.7009806,광주광역시
1616,35.17003611,126.7000194,광주광역시
1618,35.16354722,126.6935944,광주광역시
1619,35.16166667,126.6848167,광주광역시
1620,35.16243889,126.6789028,광주광역시
1621,35.16320556,126.6746833,광주광역시
1622,35.16030833,126.6719306,광주광역시
1623,35.15732778,126.6721056,광주광역시
1625,35.15043889,126.6633167,광주광역시
1626,35.15002778,126.6590972,광주광역시
1630,35.1374,126.6733722,광주광역시
1631,35.13837778,126.6671167,광주광역시
1632,35.13640833,126.6635528,광주광역시
1633,35.13746667,126.6614722,광주광역시
1634,35.13898056,126.6599389,광주광역시
1635,35.14242222,126.6607861,광주광역시
1636,35.14863611,126.6592444,광주광역시
1640,35.13416389,126.6770944,광주광역시
1641,35.13033611,126.6789111,광주광역시
1643,35.1205197,126.6839587,광주광역시
1647,35.1155642,126.6846123,광주광역시
1648,35.111716,126.691415,광주광역시
1649,35.10980697,126.6928861,광주광역시
1650,35.110945,126.699052,광주광역시
1651,35.112764,126.705378,광주광역시
1652,35.113641,126.712112,광주광역시
1653,35.12132778,126.71575,광주광역시
1654,35.12445,126.7077167,광주광역시
1655,35.12383056,126.7000667,광주광역시
1656,35.123975,126.6957639,광주광역시
1657,35.12576667,126.6892333,광주광역시
1658,35.12775,126.68445,광주광역시
1659,35.12899167,126.6814361,광주광역시
1660,35.12873478,126.6801173,광주광역시
1661,35.12274444,126.7216417,광주광역시
1662,35.12380556,126.7353389,광주광역시
1663,35.12442778,126.7372861,광주광역시
1664,35.126075,126.7424667,광주광역시
1665,35.12627778,126.7448306,광주광역시
1666,35.12609444,126.7559472,광주광역시
1667,35.12536111,126.7584194,광주광역시
1669,35.11787,126.780478,광주광역시
1670,35.11183056,126.77945,광주광역시
1671,35.10780833,126.7788083,광주광역시
1672,35.10088611,126.7775583,광주광역시
1673,35.09727222,126.7739222,광주광역시
1674,35.09133889,126.7725722,광주광역시
1675,35.08633889,126.7720917,광주광역시
1676,35.08126111,126.7671,광주광역시
1677,35.07411667,126.7697944,광주광역시
1678,35.08138611,126.7671167,광주광역시
1679,35.07332778,126.757975,광주광역시
1680,35.06661389,126.7517806,광주광역시
1681,35.06156944,126.7490444,광주광역시
1682,35.05343056,126.7377222,광주광역시
1683,35.05125278,126.7258889,광주광역시
1684,35.04896389,126.7203222,광주광역시
1688,35.035725,126.7199194,광주광역시
1691,35.03582222,126.7207111,광주광역시
1693,35.03628333,126.71695,광주광역시
1694,35.03906667,126.7159444,광주광역시
1695,35.03865278,126.7149889,광주광역시
1696,35.03578056,126.7165306,광주광역시
1698,35.04873889,126.7204694,광주광역시
1699,35.050625,126.7229639,광주광역시
1700,35.05205556,126.7312611,광주광역시
1701,35.05332222,126.7378667,광주광역시
1702,35.06083889,126.7485028,광주광역시
1703,35.06637222,126.7518639,광주광역시
1704,35.07386111,126.7589306,광주광역시
1706,35.08677778,126.7725111,광주광역시
1707,35.09141111,126.7727083,광주광역시
1708,35.09815833,126.7750139,광주광역시
1709,35.10176944,126.7779472,광주광역시
1710,35.10720278,126.7788556,광주광역시
1711,35.11088333,126.77945,광주광역시
1713,35.141437,126.810752,광주광역시
1716,35.139377,126.831185,광주광역시
1717,35.13313611,126.8304722,광주광역시
1718,35.12758056,126.8311528,광주광역시
1719,35.12162222,126.8329056,광주광역시
1720,35.11430833,126.8295722,광주광역시
1721,35.11060556,126.8364778,광주광역시
1723,35.11274722,126.8443167,광주광역시
1724,35.11373611,126.8484056,광주광역시
1726,35.113987,126.856128,광주광역시
1727,35.115246,126.85905,광주광역시
1729,35.117484,126.858137,광주광역시
1732,35.119704,126.858924,광주광역시
1733,35.12001,126.860707,광주광역시
1734,35.11521389,126.8677694,광주광역시
1735,35.11401111,126.8698917,광주광역시
1738,35.10852222,126.8785333,광주광역시
1739,35.10765833,126.8848806,광주광역시
1740,35.11035011,126.8928671,광주광역시
1744,35.11798611,126.898575,광주광역시
1746,35.11103056,126.8941111,광주광역시
1747,35.10810833,126.8854306,광주광역시
1748,35.10889167,126.8784028,광주광역시
1755,35.1141,126.8705556,광주광역시
1756,35.11550556,126.8677083,광주광역시
1757,35.11933759,126.863356,광주광역시
1758,35.119337,126.858067,광주광역시
1759,35.116452,126.85374,광주광역시
1760,35.11417222,126.8489417,광주광역시
1762,35.11069722,126.8287556,광주광역시
1763,35.11015,126.82295,광주광역시
1764,35.10745278,126.8209139,광주광역시
1765,35.099538,126.821676,광주광역시
1767,35.09751944,126.8240722,광주광역시
1768,35.09238403,126.8274311,광주광역시
1769,35.08217989,126.830977,광주광역시
1770,35.081075,126.8334028,광주광역시
1772,35.07676667,126.8270778,광주광역시
1773,35.07400833,126.8225528,광주광역시
1774,35.07332222,126.818525,광주광역시
1775,35.07041389,126.8158722,광주광역시
1777,35.05650618,126.8164355,광주광역시
1778,35.06631389,126.8056722,광주광역시
1780,35.064815,126.802842,광주광역시
1781,35.05957222,126.8051306,광주광역시
1783,35.05319167,126.8118444,광주광역시
1785,35.06163611,126.7937778,광주광역시
1786,35.06002222,126.7900694,광주광역시
1787,35.05800556,126.7865167,광주광역시
1788,35.05636944,126.7839861,광주광역시
1789,35.06935556,126.8024389,광주광역시
1790,35.07188333,126.8040639,광주광역시
1791,35.074025,126.8036806,광주광역시
1792,35.07591944,126.8041917,광주광역시
1793,35.08258889,126.8076111,광주광역시
1794,35.08595278,126.8078,광주광역시
1795,35.08749722,126.8090833,광주광역시
1797,35.09473333,126.81355,광주광역시
1798,35.09676111,126.8159917,광주광역시
1799,35.098612,126.818868,광주광역시
1802,35.13278889,126.8317833,광주광역시
1805,35.21391667,126.9485306,광주광역시
1807,35.22261389,126.9583361,광주광역시
1808,35.22316944,126.9632417,광주광역시
1809,35.22242778,126.9669417,광주광역시
1810,35.22232778,126.9733556,광주광역시
1812,35.224075,126.978375,광주광역시
1813,35.22499444,126.9846167,광주광역시
1814,35.22497222,126.9917417,광주광역시
1815,35.22858056,126.9973944,광주광역시
1816,35.23351389,127.0117139,광주광역시
1817,35.23757778,127.0146111,광주광역시
1818,35.23965278,127.0186556,광주광역시
1819,35.24153056,127.0227833,광주광역시
1821,35.24514167,127.0251111,광주광역시
1822,35.24990556,127.0381389,광주광역시
1824,35.22846667,127.0051361,광주광역시
1825,35.22404444,126.9778944,광주광역시
1826,35.22256944,126.9741944,광주광역시
1828,35.22249167,126.967025,광주광역시
1829,35.22331667,126.9631889,광주광역시
1830,35.22325833,126.9571528,광주광역시
1831,35.21453929,126.9487959,광주광역시
1832,35.23132778,126.9562611,광주광역시
1833,35.23478056,126.9557417,광주광역시
1834,35.23808056,126.9551222,광주광역시
1835,35.25496944,126.9571972,광주광역시
1836,35.26043333,126.9600861,광주광역시
1838,35.264425,126.9586389,광주광역시
1839,35.26939722,126.9587361,광주광역시
1840,35.2765,126.9564861,광주광역시
1855,35.30113333,126.9278333,광주광역시
1857,35.29496111,126.9237139,광주광역시
1858,35.29335278,126.9209194,광주광역시
1860,35.28903889,126.9139194,광주광역시
1861,35.28766667,126.9088611,광주광역시
1863,35.28485,126.8979444,광주광역시
1865,35.27812222,126.8905972,광주광역시
1867,35.27464722,126.8885667,광주광역시
1868,35.26055556,126.8898139,광주광역시
1869,35.25160833,126.8909889,광주광역시
1871,35.24637222,126.8875556,광주광역시
1872,35.24433889,126.8905833,광주광역시
1873,35.24222222,126.8977611,광주광역시
1877,35.243207,126.910541,광주광역시
1878,35.244187,126.914817,광주광역시
1880,35.244154,126.915392,광주광역시
1882,35.24568333,126.9191222,광주광역시
1883,35.24661111,126.922625,광주광역시
1884,35.24896944,126.9254556,광주광역시
1885,35.24610556,126.9261806,광주광역시
1886,35.23747778,126.932625,광주광역시
1887,35.23518889,126.9350972,광주광역시
1888,35.23168056,126.9421528,광주광역시
1889,35.22687222,126.9450833,광주광역시
1890,35.22325833,126.946425,광주광역시
1891,35.21809167,126.9480667,광주광역시
1892,35.21621389,126.9495083,광주광역시
1893,35.25101389,126.9277444,광주광역시
1894,35.25182222,126.9304417,광주광역시
1895,35.25305556,126.9342417,광주광역시
1896,35.25373611,126.9406056,광주광역시
1897,35.25384167,126.9430083,광주광역시
1898,35.25443889,126.94925,광주광역시
1899,35.25305,126.9536444,광주광역시
1900,35.24354722,126.9537361,광주광역시
1901,35.23895,126.9545583,광주광역시
1902,35.23582222,126.955025,광주광역시
1903,35.23098056,126.9559778,광주광역시
1904,35.17715278,127.0279028,광주광역시
1905,35.17891944,127.0221333,광주광역시
1906,35.18238056,127.0132944,광주광역시
1907,35.18263611,127.0119222,광주광역시
1910,35.18720278,127.0044361,광주광역시
1912,35.18668333,127.0025667,광주광역시
1913,35.18389167,127.0004861,광주광역시
1914,35.18248333,126.9997056,광주광역시
1915,35.180485,126.999056,광주광역시
1916,35.16974444,126.9987833,광주광역시
1917,35.16200556,126.9801861,광주광역시
1918,35.10346389,126.8787222,광주광역시
1919,35.100787,126.87781,광주광역시
1920,35.10151,126.86949,광주광역시
1921,35.101201,126.866377,광주광역시
1922,35.09586111,126.8591333,광주광역시
1924,35.08908889,126.8771167,광주광역시
1925,35.08673889,126.8750417,광주광역시
1926,35.08525,126.8679306,광주광역시
1927,35.08729167,126.8614,광주광역시
1928,35.08816111,126.8581944,광주광역시
1929,35.08929444,126.8559444,광주광역시
1930,35.08961944,126.8498111,광주광역시
1931,35.08862222,126.844625,광주광역시
1932,35.086625,126.8404833,광주광역시
1933,35.08364167,126.8361944,광주광역시
1934,35.081208,126.834087,광주광역시
1936,35.07749722,126.8366611,광주광역시
1937,35.07363056,126.8364861,광주광역시
1938,35.05864167,126.835325,광주광역시
1939,35.05419167,126.8357222,광주광역시
1940,35.05085278,126.8384611,광주광역시
1942,35.04683889,126.8404917,광주광역시
1943,35.04544167,126.8426333,광주광역시
1945,35.03852778,126.8420778,광주광역시
1946,35.034925,126.8369806,광주광역시
1948,35.03014444,126.8329917,광주광역시
1949,35.02625833,126.8321222,광주광역시
1951,35.01984167,126.8284167,광주광역시
1952,35.01728611,126.8265389,광주광역시
1953,35.01437222,126.82435,광주광역시
1954,35.00941111,126.821275,광주광역시
1957,34.997675,126.8207944,광주광역시
1958,35.00325833,126.8216472,광주광역시
1960,35.017125,126.8262028,광주광역시
1961,35.02608056,126.8321222,광주광역시
1962,35.02845278,126.8331667,광주광역시
1965,35.04650833,126.8383694,광주광역시
1967,35.05678889,126.8350361,광주광역시
1968,35.06960278,126.835325,광주광역시
1971,35.08353056,126.8362778,광주광역시
1972,35.08635833,126.8401472,광주광역시
1974,35.08960278,126.8499722,광주광역시
1975,35.08716944,126.8616667,광주광역시
1976,35.08527778,126.8724306,광주광역시
1977,35.08981111,126.8772167,광주광역시
1978,35.10052,126.878168,광주광역시
1979,35.10328611,126.8788917,광주광역시
1980,35.11003056,126.8964306,광주광역시
1981,35.107166,126.897054,광주광역시
1983,35.02164167,127.0768611,광주광역시
1989,35.20779167,126.7676167,광주광역시
1990,35.186375,126.7824778,광주광역시
1991,35.20685,126.6868361,광주광역시
1992,35.10005563,126.8951047,광주광역시
1993,35.10364444,126.8975361,광주광역시
1994,35.26985278,126.8294917,광주광역시
1995,35.18899167,126.7617583,광주광역시
1996,35.09906389,126.9050528,광주광역시
1997,35.20052222,126.6652611,광주광역시
1999,35.26239722,126.7881917,광주광역시
2000,35.20555278,126.663575,광주광역시
2001,35.241725,126.8112583,광주광역시
2002,34.98651389,126.9600639,광주광역시
2003,34.99006667,126.9585694,광주광역시
2004,35.01251667,126.9535111,광주광역시
2005,34.98851667,126.9585167,광주광역시
2006,35.09395556,126.8988944,광주광역시
2007,35.25656944,126.7792722,광주광역시
2008,35.20970833,126.6890472,광주광역시
2009,35.16995278,126.684175,광주광역시
2010,35.18273056,126.6794611,광주광역시
2011,35.20255833,126.6650722,광주광역시
2012,35.01676111,126.9528333,광주광역시
2014,35.26685833,126.8274167,광주광역시
2015,35.20279444,126.7539306,광주광역시
2016,35.17111389,126.7027944,광주광역시
2017,35.19305556,126.7744,광주광역시
2018,35.21068056,126.7839556,광주광역시
2019,35.02466389,126.9510917,광주광역시
2021,35.24411389,126.7815306,광주광역시
2022,35.050025,126.9669972,광주광역시
2023,35.05308,126.965688,광주광역시
2024,35.20341944,126.7668778,광주광역시
2025,35.21268056,126.6585556,광주광역시
2026,35.20603056,126.7633139,광주광역시
2027,35.17971111,126.7256806,광주광역시
2028,35.195975,126.6820361,광주광역시
2029,35.179215,126.723215,광주광역시
2030,35.18124167,126.7306028,광주광역시
2031,35.17644444,126.7120278,광주광역시
2032,35.23752778,126.803325,광주광역시
2033,35.22191389,126.8247944,광주광역시
2034,35.19221667,126.7462611,광주광역시
2037,35.23721111,126.8215139,광주광역시
2038,35.22275,126.7366639,광주광역시
2039,35.27086,126.862422,광주광역시
2043,35.23015556,126.7368472,광주광역시
2044,35.21798611,126.7496944,광주광역시
2045,35.07438333,126.91365,광주광역시
2046,35.05577778,126.9888778,광주광역시
2047,35.18438611,126.6751111,광주광역시
2048,35.25792222,126.8163556,광주광역시
2049,35.18493056,126.7347611,광주광역시
2050,35.19528611,126.7706778,광주광역시
2051,35.19092222,126.7649472,광주광역시
2052,35.18707778,126.6822333,광주광역시
2053,35.20139167,126.6827694,광주광역시
2055,35.22588611,126.73575,광주광역시
2056,35.20769722,126.7782278,광주광역시
2057,35.20445833,126.7725222,광주광역시
2058,35.04193611,126.9628611,광주광역시
2059,35.03903611,126.9626194,광주광역시
2060,35.03476389,126.9609194,광주광역시
2061,35.16950278,126.6951361,광주광역시
2062,35.2503,126.7428139,광주광역시
2063,35.19104444,126.6742111,광주광역시
2064,35.240875,126.730275,광주광역시
2066,35.18406667,126.7532972,광주광역시
2067,35.19832778,126.7671444,광주광역시
2068,35.00854444,126.9572806,광주광역시
2069,35.23633056,126.7380222,광주광역시
2070,35.19834444,126.6812278,광주광역시
2071,35.23825278,126.8180583,광주광역시
2072,35.24446111,126.8637222,광주광역시
2073,35.20762778,126.7521444,광주광역시
2074,35.21985,126.7429583,광주광역시
2075,35.21648889,126.7527944,광주광역시
2076,35.21925278,126.7446833,광주광역시
2077,35.21868889,126.7457361,광주광역시
2078,35.22056389,126.7408694,광주광역시
2079,35.21516111,126.7468194,광주광역시
2081,35.18856944,126.7402139,광주광역시
2082,35.25046944,126.7716889,광주광역시
2083,35.2618,126.8448417,광주광역시
2084,35.18347944,126.7890092,광주광역시
2085,35.24460278,126.7400667,광주광역시
2086,35.23846667,126.7384417,광주광역시
2089,35.24351667,126.8126944,광주광역시
2090,35.19012778,126.74265,광주광역시
2091,35.18725278,126.7373,광주광역시
2093,35.21115556,126.7885722,광주광역시
2094,35.21368611,126.7905944,광주광역시
2095,35.20713611,126.7708361,광주광역시
2096,35.00290278,126.9589056,광주광역시
2097,35.21048889,126.7611778,광주광역시
2100,35.16763889,126.6906417,광주광역시
2101,35.24049722,126.7896472,광주광역시
2103,35.21333611,126.7948889,광주광역시
2104,35.19177778,126.6700083,광주광역시
2106,35.19676667,126.6663833,광주광역시
2107,35.05436111,126.9764194,광주광역시
2108,35.06055556,126.9893556,광주광역시
2110,35.05293056,126.9712556,광주광역시
2111,35.059575,126.9826139,광주광역시
2112,35.06053056,126.9915,광주광역시
2113,35.06129167,126.9838194,광주광역시
2114,35.05695556,126.9797611,광주광역시
2115,35.05568889,126.9790056,광주광역시
2116,35.05575278,126.9831417,광주광역시
2117,35.178075,126.7174111,광주광역시
2118,35.19583611,126.7509083,광주광역시
2119,35.15833611,126.7381389,광주광역시
2121,35.15283056,126.7358972,광주광역시
2122,35.153,126.731525,광주광역시
2123,35.16798056,126.7293278,광주광역시
2124,35.17262778,126.7279167,광주광역시
2125,35.15654444,126.7219611,광주광역시
2126,35.15888056,126.7164139,광주광역시
2127,35.15960556,126.7111194,광주광역시
2128,35.16084722,126.7078611,광주광역시
2129,35.161575,126.6848306,광주광역시
2130,35.16236667,126.6788806,광주광역시
2131,35.16315278,126.6746694,광주광역시
2132,35.16030556,126.6719917,광주광역시
2133,35.15734167,126.672175,광주광역시
2135,35.150375,126.6633389,광주광역시
2136,35.14997778,126.6591139,광주광역시
2140,35.13733611,126.6733861,광주광역시
2141,35.13833611,126.6671778,광주광역시
2142,35.13633333,126.6635528,광주광역시
2143,35.13741389,126.6614028,광주광역시
2144,35.13897222,126.6598861,광주광역시
2145,35.14243333,126.660725,광주광역시
2146,35.148625,126.6591917,광주광역시
2149,35.13419722,126.6771639,광주광역시
2150,35.13035278,126.6789639,광주광역시
2153,35.10835627,126.6849397,광주광역시
2156,35.11567387,126.6842505,광주광역시
2162,35.12135556,126.7157583,광주광역시
2163,35.12438333,126.707725,광주광역시
2164,35.12374444,126.7000889,광주광역시
2165,35.1239,126.6957417,광주광역시
2166,35.12569722,126.6892111,광주광역시
2167,35.12768056,126.6844278,광주광역시
2168,35.128925,126.6814056,광주광역시
2169,35.12865729,126.6801585,광주광역시
2170,35.12280833,126.7216333,광주광역시
2171,35.12386667,126.7353083,광주광역시
2172,35.12449444,126.7372556,광주광역시
2173,35.12614722,126.7424361,광주광역시
2174,35.12636389,126.7448222,광주광역시
2175,35.12615556,126.7559611,광주광역시
2176,35.12543056,126.7584722,광주광역시
2177,35.12455278,126.7614083,광주광역시
2180,35.12758056,126.8312194,광주광역시
2181,35.12163611,126.8329667,광주광역시
2182,35.11430833,126.8296417,광주광역시
2183,35.11065833,126.8364556,광주광역시
2185,35.11276389,126.8443778,광주광역시
2186,35.11423,126.856196,광주광역시
2187,35.11529167,126.8587139,광주광역시
2188,35.117269,126.857789,광주광역시
2190,35.11065833,126.8287639,광주광역시
2191,35.11008333,126.8229722,광주광역시
2192,35.10745278,126.8209667,광주광역시
2193,35.099533,126.821765,광주광역시
2195,35.09755,126.8241333,광주광역시
2196,35.09237357,126.8277487,광주광역시
2197,35.0820372,126.8313754,광주광역시
2198,35.08116522,126.8335964,광주광역시
2200,35.07672778,126.8271389,광주광역시
2201,35.07394722,126.8225917,광주광역시
2202,35.07326111,126.8185722,광주광역시
2203,35.07037222,126.81595,광주광역시
2206,35.06626944,126.8057028,광주광역시
2207,35.064699,126.802898,광주광역시
2209,35.05960833,126.8051611,광주광역시
2211,35.05322222,126.8118444,광주광역시
2213,35.06156944,126.7938167,광주광역시
2214,35.05995833,126.7901167,광주광역시
2215,35.05794722,126.7865778,광주광역시
2216,35.05631667,126.7840472,광주광역시
2217,35.06936944,126.8024,광주광역시
2218,35.07188056,126.8040472,광주광역시
2219,35.07402778,126.8036583,광주광역시
2220,35.075925,126.8041778,광주광역시
2221,35.08259167,126.8075889,광주광역시
2222,35.08595278,126.8077694,광주광역시
2223,35.08749444,126.8090528,광주광역시
2225,35.09471944,126.8135361,광주광역시
2226,35.096775,126.8159694,광주광역시
2227,35.098607,126.818895,광주광역시
2229,35.22503056,126.9917194,광주광역시
2230,35.22864167,126.9973861,광주광역시
2231,35.23355278,127.0116528,광주광역시
2232,35.2376,127.0145361,광주광역시
2233,35.24159722,127.0227306,광주광역시
2235,35.24520278,127.0250944,광주광역시
2236,35.249875,127.0382,광주광역시
2237,35.26936111,126.958675,광주광역시
2253,35.29493333,126.9237667,광주광역시
2254,35.29331111,126.9209806,광주광역시
2256,35.28895833,126.9139417,광주광역시
2257,35.28760833,126.9089,광주광역시
2258,35.28613333,126.9022694,광주광역시
2259,35.28481667,126.8979889,광주광역시
2261,35.278075,126.8906361,광주광역시
2263,35.27463889,126.8886278,광주광역시
2264,35.26056667,126.889875,광주광역시
2266,35.246563,126.887869,광주광역시
2267,35.24439167,126.8906528,광주광역시
2270,35.25027222,126.9041778,광주광역시
2271,35.243354,126.910597,광주광역시
2272,35.244393,126.914834,광주광역시
2274,35.244065,126.915189,광주광역시
2276,35.24585,126.9190694,광주광역시
2277,35.24676111,126.9225333,광주광역시
2278,35.24904444,126.9253556,광주광역시
2279,35.24610556,126.9262333,광주광역시
2280,35.23752778,126.9326778,광주광역시
2281,35.23518889,126.9352333,광주광역시
2282,35.23156111,126.9420694,광주광역시
2283,35.22693056,126.9452056,광주광역시
2284,35.22331389,126.9465556,광주광역시
2285,35.21809167,126.9481972,광주광역시
2286,35.25109444,126.9276139,광주광역시
2287,35.25186944,126.9304333,광주광역시
2288,35.25310278,126.9342417,광주광역시
2289,35.25384722,126.9405889,광주광역시
2290,35.25396111,126.943,광주광역시
2291,35.25453333,126.9492944,광주광역시
2292,35.17708889,127.0278722,광주광역시
2293,35.17885833,127.0221278,광주광역시
2294,35.18256667,127.0119139,광주광역시
2297,35.18716111,127.0043917,광주광역시
2299,35.18662222,127.0025972,광주광역시
2300,35.18389167,127.0005389,광주광역시
2301,35.18246667,126.9997528,광주광역시
2302,35.180478,126.999128,광주광역시
2303,35.16975,126.9989222,광주광역시
2304,35.16195833,126.9802306,광주광역시
2305,35.10145,126.8691,광주광역시
2306,35.101036,126.866313,광주광역시
2307,35.09586667,126.8591556,광주광역시
2309,35.08519444,126.8678917,광주광역시
2310,35.08921944,126.8559056,광주광역시
2311,35.088644,126.845164,광주광역시
2312,35.07360833,126.8365472,광주광역시
2313,35.05865,126.8353778,광주광역시
2314,35.05419722,126.8357833,광주광역시
2315,35.05090278,126.8384833,광주광역시
2317,35.04686667,126.8404833,광주광역시
2318,35.04546111,126.8426639,광주광역시
2320,35.03850833,126.8421472,광주광역시
2321,35.03487222,126.8370028,광주광역시
2323,35.03010833,126.8330667,광주광역시
2326,35.01984444,126.8284833,광주광역시
2328,35.01434444,126.8243806,광주광역시
2329,35.00937778,126.82135,광주광역시
2332,34.99768056,126.8209389,광주광역시
2333,35.00321667,126.8215333,광주광역시
2336,35.0613,126.9863528,광주광역시
2337,35.0935898,126.9416885,광주광역시
2338,35.10576944,126.9375972,광주광역시
2339,35.08895556,126.9471694,광주광역시
2341,35.06924722,126.9753528,광주광역시
2342,35.05405278,126.9978722,광주광역시
2343,35.24114167,126.8154028,광주광역시
2344,35.13549167,126.9175389,광주광역시
2345,35.27379722,126.8302611,광주광역시
2346,35.26528056,126.8385778,광주광역시
2347,35.30105,126.9278944,광주광역시
2348,35.251575,126.8910278,광주광역시
2350,35.26205556,126.8222,광주광역시
2351,35.23217524,126.7293366,광주광역시
2354,35.24231389,126.8976528,광주광역시
2355,35.10246944,126.9393972,광주광역시
2356,35.23971667,127.018625,광주광역시
2357,35.18233056,127.0132556,광주광역시
2358,35.26271944,126.8410194,광주광역시
2359,35.25151389,126.86305,광주광역시
2360,35.15504167,126.7391917,광주광역시
2361,35.18616111,126.9236389,광주광역시
2362,35.17953056,126.6821,광주광역시
2513,35.221225,126.8283944,광주광역시
2523,35.19167322,126.8513524,광주광역시
2525,35.18946389,126.8577111,광주광역시
2527,35.20683056,126.8428639,광주광역시
2534,35.21938611,126.8420111,광주광역시
2547,35.15144167,126.9135556,광주광역시
2548,35.27271944,126.8333972,광주광역시
2549,35.21515833,126.9001528,광주광역시
2551,35.25933333,126.8637278,광주광역시
2574,35.22461944,126.8410111,광주광역시
2602,35.23508611,126.8669778,광주광역시
2604,35.23438056,126.8603833,광주광역시
2605,35.226266,126.852791,광주광역시
2612,35.20901389,126.8144417,광주광역시
2617,35.225176,126.853085,광주광역시
2621,35.19899167,126.8383972,광주광역시
2628,35.182663,126.794791,광주광역시
2631,35.22909,126.898809,광주광역시
2632,35.19788333,126.8726361,광주광역시
2657,35.17277222,126.8885861,광주광역시
2667,35.0961037,126.9406891,광주광역시
2669,34.99201111,126.9579833,광주광역시
2671,35.19078889,126.9266222,광주광역시
2673,35.14933333,126.9364417,광주광역시
2677,35.16348056,126.6935639,광주광역시
2687,35.133475,126.9180722,광주광역시
2690,35.094001,126.962321,광주광역시
2691,35.091165,126.955625,광주광역시
2703,35.15236111,126.8996861,광주광역시
2710,35.13015,126.8947611,광주광역시
2716,35.21349444,126.7569583,광주광역시
2718,35.16744555,126.8380112,광주광역시
2723,35.16655,126.7009639,광주광역시
2724,35.16281667,126.7003083,광주광역시
2725,35.154302,126.740269,광주광역시
2726,35.15160833,126.7503694,광주광역시
2727,35.15102222,126.7566861,광주광역시
2728,35.14916111,126.7682583,광주광역시
2729,35.15060833,126.7728056,광주광역시
2732,35.229539,126.733335,광주광역시
2733,35.26448333,126.9586139,광주광역시
2734,35.21673889,126.805575,광주광역시
2735,35.25206389,126.9554528,광주광역시
2736,35.220006,126.831417,광주광역시
2751,35.124331,126.852703,광주광역시
2753,35.13688889,126.9040889,광주광역시
2754,35.13680833,126.9044167,광주광역시
2755,35.13628056,126.9081778,광주광역시
2756,35.13603333,126.9085361,광주광역시
2757,35.13499722,126.9104444,광주광역시
2758,35.13504444,126.91065,광주광역시
2759,35.13688333,126.9136333,광주광역시
2760,35.13689444,126.9139222,광주광역시
2761,35.13773056,126.9167306,광주광역시
2762,35.13824722,126.9176611,광주광역시
2765,35.162425,126.9201333,광주광역시
2766,35.16373056,126.9196917,광주광역시
2767,35.16375556,126.9233417,광주광역시
2768,35.162475,126.9277528,광주광역시
2769,35.16397778,126.9231972,광주광역시
2770,35.16369444,126.9195528,광주광역시
2771,35.16229444,126.920025,광주광역시
2772,35.14983889,126.9096361,광주광역시
2773,35.152471,126.906487,광주광역시
2774,35.15391667,126.9044389,광주광역시
2775,35.15591944,126.9019222,광주광역시
2776,35.158585,126.894939,광주광역시
2777,35.159689,126.897544,광주광역시
2778,35.15851389,126.9016861,광주광역시
2779,35.15780833,126.9040111,광주광역시
2780,35.159414,126.901252,광주광역시
2781,35.159795,126.898076,광주광역시
2782,35.158754,126.896654,광주광역시
2783,35.15429167,126.9035917,광주광역시
2784,35.15183889,126.9058056,광주광역시
2785,35.14842222,126.909825,광주광역시
2786,35.14038333,126.9177306,광주광역시
2794,35.12075556,126.9313639,광주광역시
2828,35.14556,126.909608,광주광역시
2829,35.14498056,126.9090333,광주광역시
2831,35.15824722,126.8483389,광주광역시
2832,35.15795833,126.8482167,광주광역시
2835,35.156425,126.8483611,광주광역시
2836,35.15586667,126.8482472,광주광역시
2842,35.15900731,126.9312146,광주광역시
2843,35.159175,126.9308194,광주광역시
2847,35.174383,126.882369,광주광역시
2848,35.16180278,126.9292389,광주광역시
2849,35.16271389,126.9276611,광주광역시
2867,35.17446111,126.8826139,광주광역시
2872,35.16109722,126.8850778,광주광역시
2873,35.16129167,126.8856972,광주광역시
2876,35.14840116,126.848689,광주광역시
2877,35.14871944,126.8481861,광주광역시
2878,35.1951322,126.8470861,광주광역시
2879,35.19507843,126.8467027,광주광역시
2880,35.19868056,126.8439056,광주광역시
2887,35.17571111,126.8705611,광주광역시
2889,35.17228611,126.860475,광주광역시
2890,35.17771944,126.8366583,광주광역시
2893,35.173816,126.852454,광주광역시
2894,35.172153,126.860016,광주광역시
2895,35.17506111,126.8706056,광주광역시
2896,35.15156111,126.7766972,광주광역시
2910,35.21681111,126.8055611,광주광역시
2916,35.190363,126.804703,광주광역시
2919,35.21135833,126.8458167,광주광역시
2926,35.215907,126.90221,광주광역시
2933,35.21858889,126.8324083,광주광역시
2937,35.17258333,126.9121444,광주광역시
2938,35.16827222,126.9326722,광주광역시
2939,35.12552778,126.9091778,광주광역시
2942,35.19868056,126.8438611,광주광역시
2945,35.21101944,126.8756389,광주광역시
2946,35.208325,126.878839,광주광역시
2947,35.20672933,126.8755706,광주광역시
2948,35.20662778,126.8755917,광주광역시
2949,35.208153,126.878966,광주광역시
2950,35.21106111,126.8755778,광주광역시
2951,35.18676667,126.9165056,광주광역시
2952,35.19092222,126.9267222,광주광역시
2953,35.15636389,126.910825,광주광역시
2955,35.12243333,126.8614,광주광역시
2957,35.12187778,126.86105,광주광역시
2958,35.18273611,126.9309944,광주광역시
2959,35.18276111,126.9313139,광주광역시
2960,35.18469444,126.9322306,광주광역시
2961,35.18468333,126.9324833,광주광역시
2962,35.18831667,126.9337639,광주광역시
2964,35.131575,126.902565,광주광역시
2965,35.15246944,126.8482167,광주광역시
2966,35.1522,126.8482917,광주광역시
2971,35.14454,126.914496,광주광역시
2972,35.15623056,126.8921944,광주광역시
2973,35.15654,126.892633,광주광역시
2975,35.144134,126.91387,광주광역시
2976,35.148256,126.939872,광주광역시
2977,35.148143,126.939854,광주광역시
2978,35.149165,126.944466,광주광역시
2979,35.14828056,126.9317944,광주광역시
2980,35.14823333,126.9317722,광주광역시
2981,35.14766944,126.9356028,광주광역시
2985,35.18091111,126.9021417,광주광역시
2986,35.19522222,126.8414028,광주광역시
2987,35.21244444,126.8812917,광주광역시
2988,35.21286111,126.8814222,광주광역시
2989,35.17513889,126.8640667,광주광역시
2990,35.17958889,126.8719861,광주광역시
2991,35.17955,126.8721306,광주광역시
2993,35.15941,126.895079,광주광역시
2995,35.1167,126.855043,광주광역시
2996,35.17008859,126.8638365,광주광역시
2997,35.17006944,126.8635778,광주광역시
2998,35.18224167,126.8905306,광주광역시
2999,35.16459167,126.8529472,광주광역시
3000,35.164475,126.8529472,광주광역시
3001,35.165825,126.8546,광주광역시
3002,35.16573611,126.8546833,광주광역시
3003,35.07768611,126.8366667,광주광역시
3004,35.08130278,126.8344472,광주광역시
3005,35.08826944,126.8578278,광주광역시
3009,35.11035556,126.8811722,광주광역시
3012,35.12216667,126.9070639,광주광역시
3013,35.122125,126.9071333,광주광역시
3014,35.113249,126.903723,광주광역시
3016,35.11215278,126.9005139,광주광역시
3018,35.12587218,126.9132771,광주광역시
3023,35.09990833,126.8855667,광주광역시
3026,35.15697778,126.9396528,광주광역시
3027,35.21511111,126.9297056,광주광역시
3028,35.20656667,126.9314361,광주광역시
3029,35.16055833,126.9239306,광주광역시
3034,35.23342651,126.8893446,광주광역시
3035,35.22948657,126.8853327,광주광역시
3041,35.21648889,126.8811778,광주광역시
3042,35.21630278,126.8814056,광주광역시
3044,35.19740278,126.9534444,광주광역시
3045,35.18349,126.797043,광주광역시
3047,35.160944,126.893999,광주광역시
3048,35.160606,126.894107,광주광역시
3050,35.180088,126.810953,광주광역시
3051,35.180028,126.806694,광주광역시
3082,35.206729,126.804616,광주광역시
3088,35.18835,126.7949194,광주광역시
3093,35.185215,126.79499,광주광역시
3094,35.188375,126.7951028,광주광역시
3095,35.206577,126.804356,광주광역시
3096,35.220243,126.831546,광주광역시
3098,35.244156,126.879507,광주광역시
3099,35.24077778,126.8692306,광주광역시
3100,35.24186667,126.872175,광주광역시
3101,35.24182778,126.8722194,광주광역시
3102,35.236655,126.893401,광주광역시
3105,35.1979,126.8752056,광주광역시
3116,35.117621,126.780735,광주광역시
3124,35.052275,126.9621917,광주광역시
3132,35.03070556,127.0420194,광주광역시
3138,34.99941389,126.8205417,광주광역시
3139,34.99938333,126.8206944,광주광역시
3140,35.00705833,126.8199083,광주광역시
3142,35.06961111,126.8352556,광주광역시
3143,35.05676944,126.834975,광주광역시
3144,35.00706111,126.8198417,광주광역시
3146,35.22841389,127.0051583,광주광역시
3148,35.22506111,126.9846083,광주광역시
3151,35.26609722,126.9028194,광주광역시
3152,35.26191111,126.8974472,광주광역시
3156,35.235586,126.894131,광주광역시
3157,35.26187778,126.8975,광주광역시
3158,35.26608611,126.9028722,광주광역시
3160,35.27680278,126.8885972,광주광역시
3161,35.15562222,126.9317722,광주광역시
3162,35.15640833,126.9313917,광주광역시
3165,35.24616111,126.7783194,광주광역시
3166,35.24619167,126.7784778,광주광역시
3167,35.23709444,126.7949361,광주광역시
3168,35.23709444,126.7947222,광주광역시
3177,35.26555,126.864325,광주광역시
3178,35.265575,126.8644222,광주광역시
3179,35.226975,126.848175,광주광역시
3180,35.22659444,126.8475333,광주광역시
3181,35.22576944,126.8447194,광주광역시
3182,35.22558056,126.8445056,광주광역시
3183,35.2179,126.8513194,광주광역시
3184,35.21756667,126.8511722,광주광역시
3185,35.21783889,126.8453528,광주광역시
3186,35.21754167,126.8451472,광주광역시
3189,35.15560278,126.931575,광주광역시
3192,35.148679,126.91785,광주광역시
3193,35.22193333,126.8411472,광주광역시
3194,35.22199167,126.8409111,광주광역시
3195,35.13159444,126.9287611,광주광역시
3196,35.12163056,126.8591194,광주광역시
3197,35.13644167,126.9008917,광주광역시
3198,35.23437778,126.8605972,광주광역시
3199,35.23409722,126.8641667,광주광역시
3200,35.23397222,126.8642361,광주광역시
3201,35.23506389,126.8671611,광주광역시
3202,35.236854,126.893648,광주광역시
3203,35.199384,126.870028,광주광역시
3204,35.199462,126.869878,광주광역시
3205,35.203142,126.870246,광주광역시
3206,35.203224,126.870141,광주광역시
3207,35.20629444,126.8709639,광주광역시
3208,35.20633889,126.8708194,광주광역시
3210,35.235746,126.893748,광주광역시
3211,35.231785,126.896772,광주광역시
3212,35.232311,126.895902,광주광역시
3214,35.18728333,126.8648389,광주광역시
3217,35.21151389,126.8456639,광주광역시
3219,35.11255001,126.8968622,광주광역시
3228,35.15197778,126.7796028,광주광역시
3232,35.15473889,126.8916361,광주광역시
3233,35.15454722,126.8903972,광주광역시
3249,35.20748333,126.7956306,광주광역시
3250,35.20764444,126.7954694,광주광역시
3251,35.206187,126.801428,광주광역시
3252,35.206015,126.801587,광주광역시
3262,35.19614444,126.8998306,광주광역시
3272,35.21753889,126.8550861,광주광역시
3273,35.21790833,126.8551611,광주광역시
3274,35.14710833,126.8389694,광주광역시
3275,35.14704722,126.8387639,광주광역시
3276,35.179483,126.815733,광주광역시
3277,35.09019,126.950915,광주광역시
3278,35.089978,126.950683,광주광역시
3281,35.160417,126.892024,광주광역시
3282,35.160371,126.891327,광주광역시
3283,35.155161,126.901354,광주광역시
3288,35.16612222,126.8474083,광주광역시
3289,35.16604167,126.847475,광주광역시
3293,35.09339444,126.8147194,광주광역시
3294,35.09341944,126.8147194,광주광역시
3297,35.09923955,126.8734124,광주광역시
3298,35.0990977,126.8732092,광주광역시
3299,35.10260833,126.8551139,광주광역시
3300,35.14916389,126.9369222,광주광역시
3301,35.21433333,126.9333056,광주광역시
3302,35.214325,126.9332667,광주광역시
3303,35.17786389,126.8951472,광주광역시
3306,35.22716944,126.8839611,광주광역시
3308,35.19342,126.901485,광주광역시
3309,35.193428,126.900977,광주광역시
3311,35.200269,126.934141,광주광역시
3312,35.21550556,126.7617889,광주광역시
3313,35.21554444,126.7617806,광주광역시
3314,35.217175,126.7656028,광주광역시
3315,35.21720278,126.7655944,광주광역시
3316,35.22066667,126.7735278,광주광역시
3317,35.22068889,126.7735194,광주광역시
3318,35.22159444,126.7749389,광주광역시
3319,35.22463889,126.8252833,광주광역시
3321,35.20317222,126.8044028,광주광역시
3322,35.203475,126.8045944,광주광역시
3328,35.18552222,126.7987889,광주광역시
3329,35.18571667,126.7992222,광주광역시
3330,35.18553611,126.8035806,광주광역시
3331,35.18575278,126.8031972,광주광역시
3335,35.2076,126.8332694,광주광역시
3336,35.20748056,126.8333,광주광역시
3337,35.202784,126.839407,광주광역시
3338,35.203411,126.838139,광주광역시
3339,35.12531111,126.773675,광주광역시
3340,35.12545,126.7736583,광주광역시
3341,35.13840278,126.8231861,광주광역시
3342,35.12933333,126.8174944,광주광역시
3343,35.12511944,126.8196306,광주광역시
3344,35.12109444,126.8153056,광주광역시
3345,35.11650278,126.8113,광주광역시
3346,35.11461667,126.8151,광주광역시
3347,35.06279167,126.9826083,광주광역시
3348,35.08111944,126.9518083,광주광역시
3355,35.175615,126.746516,광주광역시
3356,35.17396111,126.74535,광주광역시
3357,35.16892778,126.7415889,광주광역시
3358,35.16668056,126.7411611,광주광역시
3359,35.178272,126.807785,광주광역시
3368,35.25506944,126.9566639,광주광역시
3370,35.23201389,126.646775,광주광역시
3371,35.22909444,126.6501417,광주광역시
3372,35.226375,126.652025,광주광역시
3373,35.22358333,126.6593861,광주광역시
3374,35.214975,126.6581194,광주광역시
3395,35.12714722,126.6865333,광주광역시
3396,35.12712778,126.6863278,광주광역시
3400,35.138525,126.8231944,광주광역시
3401,35.12943611,126.8174889,광주광역시
3402,35.1252,126.8196556,광주광역시
3403,35.12108333,126.8152972,광주광역시
3404,35.11649722,126.8113,광주광역시
3405,35.114625,126.8151,광주광역시
3410,35.06244444,126.9836528,광주광역시
3411,35.03075,127.0419806,광주광역시
3413,35.14781389,126.8452028,광주광역시
3414,35.14813802,126.8450302,광주광역시
3415,35.15329167,126.842775,광주광역시
3416,35.15370262,126.8428329,광주광역시
3422,35.15517778,126.8465528,광주광역시
3425,35.19768611,126.8717056,광주광역시
3426,35.19767778,126.8747944,광주광역시
3427,35.243689,126.878332,광주광역시
3428,35.24081667,126.8691917,광주광역시
3430,35.11076389,126.8766417,광주광역시
3431,35.11071111,126.8764944,광주광역시
3432,35.177831,126.804738,광주광역시
3433,35.124834,126.906727,광주광역시
3434,35.25930556,126.8637889,광주광역시
3438,35.23884444,126.8624278,광주광역시
3439,35.102389,126.939045,광주광역시
3440,35.13026,126.894867,광주광역시
3441,35.156507,126.839031,광주광역시
3444,35.043605,126.716077,광주광역시
3445,35.043646,126.716428,광주광역시
3446,35.04568056,126.7184167,광주광역시
3447,35.04589722,126.7184083,광주광역시
3448,35.05078889,126.72315,광주광역시
3449,35.05120833,126.7264917,광주광역시
3450,35.05221944,126.7313056,광주광역시
3451,35.228775,126.6474472,광주광역시
3452,35.22904167,126.6500417,광주광역시
3453,35.22635278,126.6519333,광주광역시
3454,35.22351389,126.6593417,광주광역시
3455,35.21501111,126.6580667,광주광역시
3456,35.063837,126.835326,광주광역시
3460,35.24856,126.813699,광주광역시
3461,35.22990278,126.6465556,광주광역시
3462,35.02844722,126.8330889,광주광역시
3463,35.02317778,126.8298111,광주광역시
3464,35.02319722,126.82975,광주광역시
3465,35.266375,126.9614083,광주광역시
3466,35.26646667,126.9614528,광주광역시
3467,35.301951,126.930547,광주광역시
3468,35.301997,126.930617,광주광역시
3469,35.30458,126.926036,광주광역시
3470,35.304507,126.926033,광주광역시
3471,35.30769167,126.9199056,광주광역시
3472,35.30765,126.9198611,광주광역시
3473,35.24246667,126.9558417,광주광역시
3477,35.09531389,126.8148028,광주광역시
3478,35.095325,126.8148028,광주광역시
3479,35.208975,126.8075556,광주광역시
3480,35.20878889,126.8075611,광주광역시
3481,35.03195,127.0144417,광주광역시
3487,35.22989722,126.6464944,광주광역시
3488,35.22885556,126.6474861,광주광역시
3489,35.177614,126.804347,광주광역시
3490,35.158925,126.895063,광주광역시
3493,35.223484,126.825694,광주광역시
3494,35.12355556,126.7116917,광주광역시
3496,35.07535556,126.9611306,광주광역시
3498,35.175755,126.746551,광주광역시
3499,35.17396667,126.7452889,광주광역시
3500,35.16892778,126.7415278,광주광역시
3501,35.166675,126.7410917,광주광역시
3502,35.23046944,126.9176889,광주광역시
3504,35.091265,126.955625,광주광역시
3505,35.159088,126.897859,광주광역시
3506,35.17154489,126.869739,광주광역시
3513,35.230325,126.8243222,광주광역시
3514,35.20658056,126.9314139,광주광역시
3517,35.17784167,126.8952139,광주광역시
3519,35.238607,126.895981,광주광역시
3520,35.216559,126.801545,광주광역시
3524,35.25176111,126.9552,광주광역시
3528,35.27650833,126.9564111,광주광역시
3529,35.21039167,126.8791556,광주광역시
3530,35.21044722,126.8792167,광주광역시
3531,35.149264,126.944558,광주광역시
3541,35.132131,126.850957,광주광역시
3542,35.131854,126.850992,광주광역시
3543,35.131884,126.8557,광주광역시
3544,35.132165,126.855588,광주광역시
3550,35.18238333,126.8907833,광주광역시
3551,35.21023889,126.8991444,광주광역시
3552,35.18180833,126.9375639,광주광역시
3553,35.18183056,126.9373639,광주광역시
3556,35.20872222,126.8447889,광주광역시
3557,35.20886111,126.844825,광주광역시
3560,35.21037222,126.8993278,광주광역시
3561,35.135536,126.900186,광주광역시
3562,35.152748,126.674459,광주광역시
3563,35.153109,126.674674,광주광역시
3564,35.16271667,126.6987667,광주광역시
3565,35.16276944,126.6989667,광주광역시
3566,35.16053333,126.6961583,광주광역시
3567,35.16061389,126.69615,광주광역시
3568,35.15773611,126.6944194,광주광역시
3569,35.15717778,126.6939611,광주광역시
3570,35.1479,126.69105,광주광역시
3571,35.14790556,126.6911167,광주광역시
3573,35.123048,126.915698,광주광역시
3574,35.122937,126.915213,광주광역시
3575,35.114375,126.907165,광주광역시
3576,35.114681,126.907519,광주광역시
3577,35.146727,126.912419,광주광역시
3578,35.146224,126.911796,광주광역시
3579,35.05126111,126.9698972,광주광역시
3580,35.05118889,126.96985,광주광역시
3581,35.15481944,126.9111306,광주광역시
3582,35.188631,126.797436,광주광역시
3583,35.1885001,126.797165,광주광역시
3584,35.18864167,126.8029,광주광역시
3585,35.18853333,126.8031361,광주광역시
3586,35.20892778,126.798925,광주광역시
3587,35.20874,126.799985,광주광역시
3592,35.244463,126.886162,광주광역시
3593,35.244251,126.886063,광주광역시
3594,35.21788889,126.8470083,광주광역시
3595,35.21754167,126.8468556,광주광역시
3596,35.12773,126.84761,광주광역시
3597,35.128086,126.847364,광주광역시
3599,35.16414167,126.9158139,광주광역시
3600,35.16408333,126.9156389,광주광역시
3601,35.19538889,126.9359528,광주광역시
3602,35.17231944,126.9638139,광주광역시
3603,35.17226944,126.9637444,광주광역시
3604,35.166553,126.863642,광주광역시
3605,35.166522,126.863398,광주광역시
3606,35.230427,126.920572,광주광역시
3607,35.230894,126.92095,광주광역시
3608,35.14406111,126.8409444,광주광역시
3609,35.11957758,126.83257,광주광역시
3610,35.11965233,126.8324786,광주광역시
3616,35.10713022,126.9045246,광주광역시
3617,35.1070249,126.9042242,광주광역시
3620,35.112635,126.9040996,광주광역시
3622,35.157375,126.8004806,광주광역시
3623,35.158626,126.800462,광주광역시
3625,35.230566,126.825529,광주광역시
3626,35.115879,126.753316,광주광역시
3627,35.11475,126.7490417,광주광역시
3628,35.11444444,126.7411111,광주광역시
3629,35.13036111,126.761875,광주광역시
3630,35.12978,126.7529,광주광역시
3631,35.13464167,126.7501472,광주광역시
3632,35.13938889,126.7584583,광주광역시
3633,35.138075,126.7563972,광주광역시
3634,35.14136111,126.76265,광주광역시
3635,35.13671698,126.767588,광주광역시
3636,35.13710846,126.772307,광주광역시
3637,35.13861667,126.7762778,광주광역시
3638,35.13027778,126.7675,광주광역시
3639,35.12991944,126.7567778,광주광역시
3640,35.19076007,126.8308476,광주광역시
3641,35.19061286,126.830817,광주광역시
3642,35.19376,126.8152883,광주광역시
3643,35.193225,126.8146083,광주광역시
3644,35.19725556,126.8157,광주광역시
3645,35.19661389,126.8154816,광주광역시
3646,35.19988933,126.8152237,광주광역시
3647,35.19976944,126.8151056,광주광역시
3648,35.19061291,126.833789,광주광역시
3649,35.19086566,126.8337473,광주광역시
3650,35.16210076,126.8065747,광주광역시
3651,35.16136212,126.8065409,광주광역시
3652,35.185051,126.820281,광주광역시
3653,35.185066,126.819713,광주광역시
3654,35.18999059,126.8239621,광주광역시
3655,35.19009057,126.8233788,광주광역시
3656,35.20248,126.821961,광주광역시
3657,35.202009,126.822644,광주광역시
3658,35.200804,126.826613,광주광역시
3659,35.20077552,126.8257922,광주광역시
3665,35.18135833,126.8176306,광주광역시
3666,35.181175,126.817875,광주광역시
3667,35.223454,126.848854,광주광역시
3668,35.22325,126.84866,광주광역시
3678,35.120597,126.865986,광주광역시
3679,35.11825,126.8667639,광주광역시
3692,35.122515,126.86356,광주광역시
3693,35.122596,126.863708,광주광역시
3694,35.120657,126.866152,광주광역시
3747,35.12511944,126.76825,광주광역시
3748,35.11468333,126.7490583,광주광역시
3749,35.115828,126.753344,광주광역시
3750,35.13025278,126.7672667,광주광역시
3751,35.13016667,126.7618833,광주광역시
3752,35.12968611,126.7567556,광주광역시
3753,35.13006,126.75269,광주광역시
3754,35.13472222,126.7502556,광주광역시
3755,35.13804444,126.7561222,광주광역시
3756,35.13861667,126.7758861,광주광역시
3757,35.13741518,126.7722212,광주광역시
3758,35.13701565,126.7674647,광주광역시
3759,35.14144722,126.7630917,광주광역시
3760,35.13951667,126.7587389,광주광역시
3761,35.11451667,126.7413528,광주광역시
3762,35.125836,126.851012,광주광역시
3765,35.15446389,126.7992444,광주광역시
3766,35.15390862,126.7989897,광주광역시
3767,35.15161944,126.8047778,광주광역시
3768,35.15166111,126.8048389,광주광역시
3769,35.15151,126.801413,광주광역시
3770,35.151646,126.801206,광주광역시
3771,35.11355,126.9047667,광주광역시
3772,35.11062588,126.8991488,광주광역시
3773,35.1105883,126.9042885,광주광역시
3774,35.11249722,126.8457889,광주광역시
3775,35.11266111,126.8457972,광주광역시
3776,35.12091667,126.7595556,광주광역시
3777,35.12103056,126.7595333,광주광역시
3781,35.274937,126.896569,광주광역시
3782,35.274837,126.89679,광주광역시
3783,35.272178,126.898304,광주광역시
3784,35.272075,126.898556,광주광역시
3785,35.22074167,126.8233972,광주광역시
3786,35.22083333,126.8233056,광주광역시
3787,35.22383333,126.8567417,광주광역시
3788,35.22390833,126.8566361,광주광역시
3789,35.110825,126.8290528,광주광역시
3790,35.11086667,126.8290083,광주광역시
3791,35.15020556,126.94485,광주광역시
3794,35.09693068,126.8951905,광주광역시
3795,35.09659711,126.8956304,광주광역시
3799,35.10296944,126.9028472,광주광역시
3800,35.10301111,126.9026639,광주광역시
3801,35.185125,126.8291361,광주광역시
3802,35.18507778,126.8290361,광주광역시
3803,35.05262222,126.9720639,광주광역시
3804,35.05261111,126.9722,광주광역시
3806,35.20027549,126.8206121,광주광역시
3807,35.20025326,126.820126,광주광역시
3808,35.19458729,126.8232231,광주광역시
3809,35.19461227,126.8227371,광주광역시
3810,35.19074068,126.8165708,광주광역시
3811,35.19101258,126.8165569,광주광역시
3812,35.18751333,126.814205,광주광역시
3813,35.18805,126.8140383,광주광역시
3814,35.18342172,126.8139492,광주광역시
3815,35.183122,126.813456,광주광역시
3816,35.19082778,126.8251667,광주광역시
3817,35.19064167,126.8252117,광주광역시
3829,35.17595,126.797966,광주광역시
3830,35.175958,126.798846,광주광역시
3831,35.19531333,126.8186083,광주광역시
3832,35.1952,126.8187733,광주광역시
3836,35.196725,126.8068383,광주광역시
3837,35.19681667,126.8060383,광주광역시
3838,35.19546333,126.8130333,광주광역시
3839,35.19596667,126.8127567,광주광역시
3846,35.17434786,126.8002192,광주광역시
3847,35.17441167,126.8000733,광주광역시
3848,35.17241443,126.8019395,광주광역시
3849,35.172706,126.801284,광주광역시
3851,35.184235,126.817372,광주광역시
3852,35.18437,126.8176217,광주광역시
3853,35.2424519,126.9164833,광주광역시
3854,35.2421639,126.9167129,광주광역시
3875,35.10216667,126.8998111,광주광역시
3876,35.10225278,126.8993139,광주광역시
3877,35.18561111,127.0064972,광주광역시
3878,35.18551944,127.0064444,광주광역시
3879,35.18409722,127.0082889,광주광역시
3880,35.18403889,127.0082278,광주광역시
3881,35.10899971,126.8998253,광주광역시
3882,35.10813957,126.902926,광주광역시
3883,35.106245,126.906198,광주광역시
3884,35.106542,126.906424,광주광역시
3888,35.10822734,126.9051576,광주광역시
3895,35.21221389,126.8278528,광주광역시
3896,35.21163056,126.8275417,광주광역시
3897,35.11042154,126.9045997,광주광역시
3900,35.21005278,126.9313917,광주광역시
3901,35.2101,126.9313528,광주광역시
3902,35.18166111,127.0077417,광주광역시
3903,35.18165833,127.0077944,광주광역시
3904,35.176154,127.010321,광주광역시
3907,35.14543333,126.9213,광주광역시
3908,35.14624502,126.9189595,광주광역시
3909,35.18301613,126.8212903,광주광역시
3910,35.18296389,126.8208861,광주광역시
3911,35.18437529,126.8268263,광주광역시
3912,35.18459722,126.8275028,광주광역시
3919,35.19913218,126.8326648,광주광역시
3927,35.27685278,126.8885278,광주광역시
3928,35.27188611,126.8886056,광주광역시
3929,35.27183056,126.888675,광주광역시
3932,35.14547222,126.9190639,광주광역시
3934,35.19907,126.832353,광주광역시
3936,35.23973611,126.8935667,광주광역시
3938,35.19212778,126.9368917,광주광역시
3940,35.24068611,126.8952,광주광역시
3941,35.24095,126.8954056,광주광역시
3946,35.19711521,126.8251634,광주광역시
3947,35.19737823,126.8254745,광주광역시
3949,35.20711944,126.9013806,광주광역시
3950,35.21301389,126.9009833,광주광역시
3951,35.16109444,126.8098139,광주광역시
3952,35.16164444,126.8098722,광주광역시
3953,35.109432,126.867301,광주광역시
3956,34.99675,126.9598056,광주광역시
3957,34.99654444,126.9598444,광주광역시
3958,35.02961944,126.9546028,광주광역시
3959,35.02945,126.9545722,광주광역시
3962,35.20461667,126.8816722,광주광역시
3963,35.20441745,126.8815912,광주광역시
3968,35.1075786,126.7616924,광주광역시
3969,35.1059079,126.7633167,광주광역시
3970,35.0996701,126.7677156,광주광역시
3971,35.0989937,126.7720929,광주광역시
3972,35.1006813,126.7816928,광주광역시
3973,35.0999775,126.7881637,광주광역시
3974,35.1020784,126.7934773,광주광역시
3975,35.104987,126.793539,광주광역시
3976,35.1076327,126.7892639,광주광역시
3977,35.1097305,126.7859705,광주광역시
3978,35.1178635,126.7821501,광주광역시
3979,35.1176983,126.7820501,광주광역시
3980,35.1095222,126.78623,광주광역시
3981,35.1073934,126.7897373,광주광역시
3982,35.1048532,126.7938166,광주광역시
3983,35.102111,126.7933281,광주광역시
3984,35.1000431,126.7883381,광주광역시
3985,35.1008413,126.781697,광주광역시
3986,35.0990982,126.7722855,광주광역시
3987,35.0998256,126.7677412,광주광역시
3988,35.1059828,126.7633421,광주광역시
3989,35.1075581,126.761889,광주광역시
3990,35.108755,126.760683,광주광역시
3991,35.086117,126.781542,광주광역시
3992,35.082553,126.784366,광주광역시
3993,35.085978,126.781706,광주광역시
3994,35.170153,126.700191,광주광역시
4005,35.210585,126.8586567,광주광역시
4006,35.20802,126.8586317,광주광역시
4007,35.21066833,126.8588633,광주광역시
4008,35.20798833,126.8588567,광주광역시
4009,35.146547,126.843137,광주광역시
4010,35.146269,126.842901,광주광역시
4011,35.151703,126.850462,광주광역시
4012,35.151519,126.851213,광주광역시
4013,35.118198,126.866439,광주광역시
4014,35.135587,126.795705,광주광역시
4015,35.135171,126.79608,광주광역시
4017,35.179139,126.799605,광주광역시
4018,35.179137,126.79944,광주광역시
4019,35.098109,126.963689,광주광역시
4020,35.14735856,126.8488017,광주광역시
4021,35.137125,126.7920217,광주광역시
4030,35.11707399,126.9290641,광주광역시
4034,35.1484152,126.7789307,광주광역시
4035,35.148537,126.77857,광주광역시
4036,35.19618622,126.8369188,광주광역시
4037,35.19629186,126.836946,광주광역시
4038,35.1688081,126.8355616,광주광역시
4039,35.1686912,126.8353606,광주광역시
4040,35.1692086,126.833414,광주광역시
4041,35.13427495,126.7708146,광주광역시
4042,35.1341229,126.7711178,광주광역시
4043,35.13354866,126.7668334,광주광역시
4044,35.13352066,126.7670989,광주광역시
4045,35.12465724,126.7680445,광주광역시
4046,35.1211225,126.768387,광주광역시
4047,35.12142,126.7687375,광주광역시
4048,35.116556,126.770605,광주광역시
4049,35.116572,126.770932,광주광역시
4050,35.1189952,126.7759612,광주광역시
4051,35.1189963,126.7755944,광주광역시
4054,35.16753545,126.8380943,광주광역시
4055,35.125301,126.850484,광주광역시
4066,35.1485319,126.7760311,광주광역시
4067,35.1483959,126.7761551,광주광역시
4070,35.157067,126.839004,광주광역시
4071,35.134435,126.760978,광주광역시
4072,35.1344185,126.7608109,광주광역시
4073,35.13638347,126.7638198,광주광역시
4074,35.13673367,126.764208,광주광역시
4075,35.134407,126.766716,광주광역시
4076,35.1344109,126.7669525,광주광역시
4077,35.1314087,126.7671127,광주광역시
4078,35.1313972,126.7672729,광주광역시
4079,35.1237984,126.7776031,광주광역시
4080,35.123855,126.777873,광주광역시
4091,35.206038,126.805119,광주광역시
4092,35.206176,126.805497,광주광역시
4093,35.207326,126.809982,광주광역시
4094,35.207473,126.809816,광주광역시
4095,35.210618,126.80995,광주광역시
4096,35.210241,126.809794,광주광역시
4097,35.213774,126.809686,광주광역시
4098,35.213801,126.809942,광주광역시
4103,35.22173,126.82456,광주광역시
4104,35.2218437,126.8244934,광주광역시
4105,35.223181,126.835865,광주광역시
4106,35.12581,126.787728,광주광역시
4107,35.12951944,126.761425,광주광역시
4108,35.129583,126.7616,광주광역시
4109,35.1249695,126.7685089,광주광역시
4118,35.20228,126.816236,광주광역시
4119,35.202561,126.817653,광주광역시
4133,35.122027,126.866965,광주광역시
4134,35.120657,126.867316,광주광역시
4141,35.150839,126.858707,광주광역시
4142,35.151358,126.858332,광주광역시
4143,35.1552086,126.8593292,광주광역시
4144,35.158596,126.8595123,광주광역시
4145,35.161567,126.863417,광주광역시
4146,35.161459,126.863251,광주광역시
4147,35.144783,126.857,광주광역시
4150,35.1584778,126.85923,광주광역시
4151,35.1553116,126.8590775,광주광역시
4152,35.13795009,126.8587494,광주광역시
4155,35.050308,126.90586,광주광역시
4156,35.050306,126.905718,광주광역시
4157,35.048252,126.905694,광주광역시
4158,35.048215,126.905608,광주광역시
4159,35.04435,126.904439,광주광역시
4160,35.045347,126.904919,광주광역시
4161,35.039719,126.904997,광주광역시
4162,35.039802,126.904779,광주광역시
4163,35.030365,126.908583,광주광역시
4164,35.030464,126.908465,광주광역시
4165,35.027618,126.906118,광주광역시
4166,35.027807,126.906045,광주광역시
4167,35.029471,126.903647,광주광역시
4170,35.05074,126.946238,광주광역시
4171,35.050681,126.946182,광주광역시
4172,35.051671,126.939737,광주광역시
4173,35.051673,126.958627,광주광역시
4174,35.051737,126.958633,광주광역시
4175,35.052451,126.90906,광주광역시
4176,35.24177,126.912247,광주광역시
4177,35.123524,126.711609,광주광역시
4178,35.131676,126.902811,광주광역시
4179,35.213456,126.862875,광주광역시
4180,35.21314611,126.8613856,광주광역시
4181,35.11685,126.860247,광주광역시
4182,35.116732,126.86059,광주광역시
4185,35.102925,126.904827,광주광역시
4186,35.10282,126.905057,광주광역시
4187,35.202251,126.8053,광주광역시
4188,35.14086,126.809511,광주광역시
4189,35.1361542,126.8035355,광주광역시
4190,35.1359177,126.8039474,광주광역시
4191,35.1367188,126.8000412,광주광역시
4192,35.1365318,126.8001404,광주광역시
4193,35.1971487,126.7878844,광주광역시
4194,35.19718172,126.7876538,광주광역시
4195,35.19997269,126.7857772,광주광역시
4196,35.19998011,126.7855851,광주광역시
4197,35.2031851,126.7834649,광주광역시
4198,35.20287346,126.7834881,광주광역시
4204,35.21432288,126.9105816,광주광역시
4205,35.2143391,126.9107812,광주광역시
4221,35.20629621,126.7830286,광주광역시
4222,35.20658098,126.7827286,광주광역시
4223,35.20855878,126.7815303,광주광역시
4224,35.20850266,126.7813217,광주광역시
4225,35.20973559,126.7838907,광주광역시
4226,35.20936952,126.7843552,광주광역시
4227,35.20616155,126.7866957,광주광역시
4228,35.20614579,126.7866413,광주광역시
4229,35.20314172,126.7887952,광주광역시
4230,35.20331212,126.7888649,광주광역시
4231,35.19842862,126.7922409,광주광역시
4232,35.1984352,126.7923912,광주광역시
4233,35.19618235,126.7905975,광주광역시
4234,35.19615653,126.7906616,광주광역시
4235,35.1941222,126.7915774,광주광역시
4236,35.19423259,126.791337,광주광역시
4237,35.19332035,126.7948833,광주광역시
4238,35.19325832,126.7950614,광주광역시
4239,35.21086145,126.7814622,광주광역시
4240,35.21068468,126.781513,광주광역시
4245,35.183023,126.791286,광주광역시
4246,35.22344713,126.8457854,광주광역시
4247,35.22326084,126.8459445,광주광역시
4248,35.098881,126.762415,광주광역시
4249,35.15436214,126.8106027,광주광역시
4250,35.15461804,126.8107142,광주광역시
4251,35.18458347,126.794116,광주광역시
4252,35.18449006,126.7937531,광주광역시
4253,35.114336,126.7219,광주광역시
4254,35.218774,126.731083,광주광역시
4255,35.15106156,126.7797363,광주광역시
4256,35.151001,126.780249,광주광역시
4257,35.190805,126.81168,광주광역시
4258,35.191026,126.813076,광주광역시
4259,35.15657342,126.7804399,광주광역시
4260,35.15609753,126.7808397,광주광역시
4261,35.21596,126.730772,광주광역시
4263,35.17477,126.793913,광주광역시
4264,35.174824,126.794022,광주광역시
4265,35.21880385,126.8459336,광주광역시
4266,35.21881655,126.8458594,광주광역시
4267,35.133341,126.891866,광주광역시
4268,35.133155,126.891738,광주광역시
4269,35.136653,126.889256,광주광역시
4270,35.136429,126.889218,광주광역시
4271,35.140014,126.886437,광주광역시
4272,35.139695,126.886913,광주광역시
4273,35.142644,126.924761,광주광역시
4275,35.21290961,126.8614922,광주광역시
4276,35.19763292,126.8663449,광주광역시
4277,35.1821614,126.8740216,광주광역시
4278,35.18221454,126.8739948,광주광역시
4279,35.18483577,126.8771955,광주광역시
4280,35.184813,126.877076,광주광역시
4281,35.20056039,126.8612014,광주광역시
4282,35.20079638,126.8617559,광주광역시
4283,35.19826056,126.8599079,광주광역시
4284,35.19806711,126.8599722,광주광역시
4285,35.13268403,126.8487237,광주광역시
4286,35.13303271,126.8490039,광주광역시
4287,35.14603958,126.8488398,광주광역시
4288,35.146138,126.84874,광주광역시
4289,35.12946517,126.8809775,광주광역시
4290,35.12988816,126.8805032,광주광역시
4291,35.13319356,126.87278,광주광역시
4292,35.13297257,126.8726202,광주광역시
4293,35.130807,126.877415,광주광역시
4294,35.1303671,126.8769199,광주광역시
4295,35.16412543,126.8484757,광주광역시
4296,35.16423091,126.8481461,광주광역시
4297,35.13845162,126.8487693,광주광역시
4298,35.139165,126.848986,광주광역시
4299,35.136774,126.872589,광주광역시
4300,35.13626591,126.8725878,광주광역시
4301,35.14289516,126.8488418,광주광역시
4302,35.142363,126.849098,광주광역시
4306,35.186256,126.884233,광주광역시
4307,35.05085004,126.958364,광주광역시
4308,35.05081815,126.958524,광주광역시
4309,35.04838056,126.9587761,광주광역시
4310,35.04830944,126.9589388,광주광역시
4311,35.04831598,126.9636566,광주광역시
4312,35.04846028,126.9636619,광주광역시
4316,35.051676,126.958893,광주광역시
4317,35.051757,126.958914,광주광역시
4322,35.218882,126.730931,광주광역시
4323,35.248341,126.813599,광주광역시
4324,35.053195,126.969048,광주광역시
4325,34.984905,126.961738,광주광역시
4327,35.053123,126.969217,광주광역시
4328,35.114263,126.721941,광주광역시
4329,35.113721,126.712112,광주광역시
4330,35.112902,126.705453,광주광역시
4331,35.110945,126.699058,광주광역시
4332,35.109822,126.693036,광주광역시
4333,35.111824,126.691299,광주광역시
4334,35.12068627,126.6843094,광주광역시
4340,35.043616,126.715067,광주광역시
4341,35.171471,126.871035,광주광역시
4342,35.237217,126.865906,광주광역시
4343,35.237344,126.865974,광주광역시
4344,35.209721,126.88251,광주광역시
4345,35.209878,126.882598,광주광역시
4346,35.12631015,126.6807202,광주광역시
4347,35.1264199,126.6809977,광주광역시
4348,35.115025,126.712514,광주광역시
4349,35.115,126.712424,광주광역시
4350,35.113963,126.875041,광주광역시
4352,35.08814,126.839018,광주광역시
4353,35.08815,126.83896,광주광역시
4354,35.089676,126.838005,광주광역시
4355,35.089802,126.838049,광주광역시
4356,35.093301,126.837468,광주광역시
4357,35.091885,126.853158,광주광역시
4358,35.09194,126.853131,광주광역시
4359,35.095655,126.859075,광주광역시
4360,35.095731,126.859089,광주광역시
4366,35.193445,126.898678,광주광역시
4367,35.19356,126.899217,광주광역시
4368,35.183149,126.89405,광주광역시
4369,35.183303,126.893296,광주광역시
4382,35.188246,126.934042,광주광역시
4387,35.186654,126.938284,광주광역시
4388,35.186649,126.937962,광주광역시
4389,35.179031,126.8600999,광주광역시
4390,35.17900757,126.8607885,광주광역시
4393,35.213512,126.897855,광주광역시
4394,35.213392,126.897648,광주광역시
4396,35.216512,126.895162,광주광역시
4397,35.175078,126.905975,광주광역시
4398,35.171759,126.871236,광주광역시
4399,35.171514,126.870834,광주광역시
4400,35.180325,126.802313,광주광역시
4401,35.180087,126.802405,광주광역시
4402,35.18107,126.799815,광주광역시
4403,35.181135,126.79962,광주광역시
4404,35.181962,126.804719,광주광역시
4405,35.181872,126.805016,광주광역시
4406,35.104423,126.875546,광주광역시
4407,35.104654,126.875114,광주광역시
4408,35.106941,126.867,광주광역시
4409,35.1071,126.86642,광주광역시
4410,35.1018,126.873113,광주광역시
4411,35.102081,126.873062,광주광역시
4412,35.098299,126.878441,광주광역시
4413,35.118751,126.930941,광주광역시
4414,35.118868,126.930826,광주광역시
4415,35.11726,126.925941,광주광역시
4416,35.117311,126.926372,광주광역시
4417,35.117157,126.922323,광주광역시
4418,35.117496,126.923503,광주광역시
4419,35.120199,126.932869,광주광역시
4420,35.120068,126.932911,광주광역시
4424,35.155209,126.924281,광주광역시
4425,35.154864,126.924298,광주광역시
4426,35.15795202,126.9227532,광주광역시
4427,35.1578741,126.9228581,광주광역시
4431,35.16829,126.885675,광주광역시
4432,35.19718,126.866786,광주광역시
4433,35.19722,126.866949,광주광역시
4434,35.19607,126.870133,광주광역시
4435,35.19595,126.870099,광주광역시
4437,35.157727,126.921341,광주광역시
4438,35.157151,126.920722,광주광역시
4439,35.104776,126.873394,광주광역시
4440,35.104664,126.873542,광주광역시
4441,35.153592,126.924505,광주광역시
4442,35.153262,126.924596,광주광역시
4445,35.169778,126.670913,광주광역시
4446,35.169761,126.670699,광주광역시
4447,35.239031,126.864142,광주광역시
4448,35.239227,126.863946,광주광역시
4449,35.106028,126.863258,광주광역시
4450,35.106105,126.863636,광주광역시
4451,35.208848,126.824561,광주광역시
4452,35.209527,126.824842,광주광역시
4453,35.20636063,126.8391586,광주광역시
4454,35.20645807,126.8391753,광주광역시
4455,35.1665312,126.9340052,광주광역시
4456,35.16661553,126.934604,광주광역시
4457,35.17959812,126.9397458,광주광역시
4458,35.17926074,126.9393412,광주광역시
4459,35.10438545,126.8639678,광주광역시
4460,35.10431717,126.8637085,광주광역시
4463,35.091351,126.829283,광주광역시
4464,35.091528,126.829455,광주광역시
4465,35.088292,126.83274,광주광역시
4466,35.088404,126.832948,광주광역시
4467,35.075908,126.843302,광주광역시
4468,35.075988,126.84328,광주광역시
4469,35.094495,126.962421,광주광역시
4481,35.134789,126.754113,광주광역시
4482,35.134651,126.754292,광주광역시
4483,35.018365,126.800909,광주광역시
4484,35.018735,126.801295,광주광역시
4485,35.012794,126.80035,광주광역시
4486,35.012972,126.800683,광주광역시
4487,35.009581,126.802975,광주광역시
4488,35.009581,126.803125,광주광역시
4491,35.140102,126.925878,광주광역시
4492,35.029087,126.790673,광주광역시
4493,35.025088,126.793015,광주광역시
4494,35.184881,126.800183,광주광역시
4495,35.185215,126.799998,광주광역시
4496,35.182026,126.986439,광주광역시
4497,35.181986,126.986496,광주광역시
4498,35.172432,127.006115,광주광역시
4499,35.172474,127.006046,광주광역시
4500,35.169583,126.999448,광주광역시
4501,35.169631,126.99937,광주광역시
4502,35.176101,127.010159,광주광역시
4503,35.18966,126.93072,광주광역시
5002,35.08629338,126.7361577,광주광역시
5003,35.10395981,126.7444628,광주광역시
5004,35.10380882,126.7444833,광주광역시
5005,35.09440415,126.7178801,광주광역시
5006,35.09448315,126.7179378,광주광역시
5007,35.10580028,126.6873901,광주광역시
5008,35.10579317,126.6875341,광주광역시
5012,35.03566656,126.7225775,광주광역시
5013,35.06261678,126.7468343,광주광역시
5014,35.07335532,126.7056022,광주광역시
5015,35.07328134,126.7058133,광주광역시
5016,35.08255333,126.6982735,광주광역시
5017,35.08256394,126.6984124,광주광역시
5018,35.05435476,126.8471036,광주광역시
5019,35.07594223,126.703552,광주광역시
5020,35.07602211,126.7036525,광주광역시
5021,35.07978277,126.7278218,광주광역시
5022,35.07980866,126.7279851,광주광역시
5025,35.04227041,126.8194992,광주광역시
5026,35.04270158,126.8205458,광주광역시
5027,35.03539963,126.7523026,광주광역시
5028,35.03529438,126.7526764,광주광역시
5033,35.02842806,126.7101245,광주광역시
5034,35.02859869,126.7101294,광주광역시
5036,35.02790425,126.7174086,광주광역시
5037,35.01708839,126.7138895,광주광역시
5038,35.01681528,126.7142226,광주광역시
5039,35.0366009,126.7229474,광주광역시
5040,35.01470134,126.7163796,광주광역시
5041,35.01443915,126.7165125,광주광역시
5042,35.02896517,126.718974,광주광역시
5043,35.02870107,126.7183356,광주광역시
5044,35.03361401,126.7216711,광주광역시
5045,35.03024333,126.7200933,광주광역시
5046,35.03020272,126.7202248,광주광역시
5047,34.99701176,126.7139933,광주광역시
5048,34.99657468,126.7141844,광주광역시
5049,35.08130643,126.7149711,광주광역시
5050,35.08139077,126.7150383,광주광역시
5051,35.0338512,126.7609304,광주광역시
5052,35.03367164,126.7615836,광주광역시
5053,35.04331,126.8429617,광주광역시
5054,35.04314333,126.8430383,광주광역시
5055,35.05758545,126.8491005,광주광역시
5056,35.05772792,126.8493717,광주광역시
5057,35.04746031,126.8435411,광주광역시
5058,35.04739047,126.8436791,광주광역시
5059,35.04774669,126.8451393,광주광역시
5060,35.03780276,126.782449,광주광역시
5061,35.03770457,126.7824772,광주광역시
5062,35.03950937,126.7894544,광주광역시
5063,35.03960592,126.7895579,광주광역시
5064,35.064251,126.7491451,광주광역시
5065,35.07561767,126.7312564,광주광역시
5066,35.0756653,126.7313475,광주광역시
5067,35.06572641,126.7099988,광주광역시
5068,35.06567779,126.7101668,광주광역시
5069,35.073498,126.7328055,광주광역시
5070,35.07349454,126.7326882,광주광역시
5071,35.06679109,126.7434176,광주광역시
5072,35.06687535,126.743461,광주광역시
5073,34.99959119,126.7134585,광주광역시
5074,34.99965219,126.7135849,광주광역시
5075,35.00866472,126.7118706,광주광역시
5076,35.00864169,126.7117292,광주광역시
5077,35.10069966,126.7057498,광주광역시
5078,35.10063697,126.7056803,광주광역시
5079,35.05416214,126.7205893,광주광역시
5080,35.05426576,126.7206747,광주광역시
5081,35.03559167,126.803685,광주광역시
5082,35.03568791,126.8036927,광주광역시
5083,35.02287853,126.713189,광주광역시
5084,35.0209516,126.7134315,광주광역시
5085,35.02115028,126.7135402,광주광역시
5086,35.190855,126.9270933,광주광역시
5087,35.03533406,126.7440115,광주광역시
5088,35.03089305,126.7098544,광주광역시
5090,35.08849845,126.7376325,광주광역시
5091,34.99474878,126.7074507,광주광역시
5092,34.99482644,126.7075185,광주광역시
5093,35.03293416,126.8019364,광주광역시
5094,35.0408307,126.8030368,광주광역시
5095,35.03945484,126.8034367,광주광역시
5096,35.0394769,126.8035543,광주광역시
5097,35.04046964,126.8040912,광주광역시
5098,35.04510027,126.8274883,광주광역시
5099,35.0452331,126.8276129,광주광역시
5100,35.03470986,126.7723193,광주광역시
5101,35.03462995,126.7733215,광주광역시
5104,35.09549305,126.6951846,광주광역시
5105,35.09548961,126.6953218,광주광역시
5107,34.99974992,126.7100997,광주광역시
5108,34.99961485,126.7103005,광주광역시
5109,35.0349042,126.7188227,광주광역시
5110,35.03526816,126.7188684,광주광역시
5111,35.02684673,126.7113645,광주광역시
5112,35.02660314,126.7116712,광주광역시
5113,35.05990538,126.718245,광주광역시
5114,35.05979337,126.718466,광주광역시
5115,35.0645671,126.8537835,광주광역시
5116,35.06448076,126.8538766,광주광역시
5117,35.02392266,126.7130755,광주광역시
5118,35.02609104,126.7167616,광주광역시
5119,35.02686936,126.7171767,광주광역시
5120,35.0584538,126.7219511,광주광역시
5121,35.05843106,126.7220507,광주광역시
5122,35.05022823,126.8451767,광주광역시
5123,35.05009768,126.8453156,광주광역시
5124,35.06439987,126.7492746,광주광역시
5125,35.09229333,126.7199933,광주광역시
5126,35.09230667,126.7201017,광주광역시
5127,35.08860366,126.7257914,광주광역시
5128,35.08862427,126.7258947,광주광역시
5129,35.02801547,126.804235,광주광역시
5130,35.02805168,126.8043317,광주광역시
5132,35.07115304,126.7556105,광주광역시
5133,35.02368682,126.7158957,광주광역시
5134,35.02316922,126.7158444,광주광역시
5139,35.00571469,126.7103196,광주광역시
5140,35.00581462,126.7108255,광주광역시
5141,35.00376992,126.7079607,광주광역시
5142,35.00419833,126.7078717,광주광역시
5143,35.05610636,126.8479693,광주광역시
5144,34.99432607,126.7124829,광주광역시
5145,35.07032385,126.7075724,광주광역시
5146,35.07025057,126.7077167,광주광역시
5147,35.09845833,126.692965,광주광역시
5148,35.09858527,126.6932101,광주광역시
5149,35.0792725,126.7012375,광주광역시
5150,35.07935227,126.7013024,광주광역시
5151,35.06653178,126.7303634,광주광역시
5152,35.06663463,126.7303143,광주광역시
5153,35.03542231,126.7443946,광주광역시
5158,35.08724059,126.6964487,광주광역시
5161,35.0873411,126.6965549,광주광역시
5162,35.09852208,126.6976795,광주광역시
5163,35.09862249,126.6977779,광주광역시
5164,35.10416,126.676855,광주광역시
5165,34.99761058,126.7098344,광주광역시
5166,34.99763227,126.7099758,광주광역시
5167,35.10387377,126.6891071,광주광역시
5168,35.10397329,126.6891671,광주광역시
5169,35.06851167,126.73884,광주광역시
5170,35.06861637,126.7388083,광주광역시
5172,35.07737292,126.7289883,광주광역시
5173,35.07743551,126.7290997,광주광역시
5174,35.03214683,126.7195551,광주광역시
5175,35.03232545,126.7196768,광주광역시
5176,35.03589325,126.7160983,광주광역시
5179,35.03432461,126.7656842,광주광역시
5180,35.03440842,126.7655611,광주광역시
5181,35.05664304,126.7198305,광주광역시
5182,35.05656333,126.7199412,광주광역시
5183,35.06395137,126.7143313,광주광역시
5184,35.0640206,126.7144267,광주광역시
5186,35.07644609,126.73332,광주광역시
5187,35.02004788,126.714185,광주광역시
5188,35.02050298,126.7146039,광주광역시
5189,35.07752523,126.8614779,광주광역시
5190,35.07591975,126.8591598,광주광역시
5192,35.10158033,126.7412549,광주광역시
5193,35.08334262,126.727003,광주광역시
5194,35.0833126,126.727113,광주광역시
5195,35.08943549,126.7236839,광주광역시
5196,35.08952004,126.7237211,광주광역시
5197,35.04764718,126.8450764,광주광역시
5198,35.03445462,126.8045474,광주광역시
5199,35.03455743,126.8045706,광주광역시
5200,35.03301251,126.8018856,광주광역시
5202,35.0064556,126.7104965,광주광역시
5203,34.99284597,126.7094368,광주광역시
5209,35.02398265,126.7857692,광주광역시
5212,35.02408972,126.7859973,광주광역시
5213,35.02330028,126.7793675,광주광역시
5214,35.02325496,126.7796114,광주광역시
5215,35.01914271,126.7776915,광주광역시
5216,35.01921351,126.7780646,광주광역시
5218,35.02051101,126.7941059,광주광역시
5219,35.02063809,126.794437,광주광역시
5220,35.01692007,126.794202,광주광역시
5221,35.01709812,126.7944859,광주광역시
5222,35.01427866,126.7775545,광주광역시
5223,35.01403369,126.7774796,광주광역시
5224,35.01055477,126.7827175,광주광역시
5225,35.01098756,126.7816269,광주광역시
5226,35.01275732,126.7953173,광주광역시
5227,35.01266775,126.7956283,광주광역시
5228,35.009596,126.7887043,광주광역시
5229,35.00937961,126.7877714,광주광역시
5230,35.00961764,126.7928796,광주광역시
5231,35.00938342,126.7932436,광주광역시
5234,35.03669419,126.7234102,광주광역시
5235,35.0118294,126.7146072,광주광역시
5236,35.011891,126.714529,광주광역시
5239,35.0182527,126.7603337,광주광역시
5242,35.05992139,126.7246181,광주광역시
5243,35.05998834,126.7245564,광주광역시
5244,35.06120026,126.7254335,광주광역시
5245,35.0612354,126.7253262,광주광역시
5246,35.06417949,126.7276275,광주광역시
5247,35.0642256,126.727531,광주광역시
5248,35.08031089,126.7227043,광주광역시
5249,35.08039979,126.7226601,광주광역시
5252,35.0951048,126.7401373,광주광역시
5254,35.02369813,126.7905173,광주광역시
5255,35.02354108,126.7906326,광주광역시
5258,35.01854499,126.7603169,광주광역시
5260,35.03949934,126.8191901,광주광역시
5263,35.07711494,126.7304291,광주광역시
5264,35.07710946,126.7303178,광주광역시
5265,34.99424216,126.7125052,광주광역시
5266,35.03362791,126.7217052,광주광역시
5267,34.9942916,126.7124918,광주광역시
5269,35.10900101,126.6848247,광주광역시
5270,35.11387308,126.6835199,광주광역시
5271,35.11391546,126.6834003,광주광역시
5274,35.02151369,126.7654681,광주광역시
5275,35.0217026,126.7662942,광주광역시
5300,35.04074833,126.8429583,광주광역시
5301,35.04069167,126.843055,광주광역시
5303,35.01319686,126.7647401,광주광역시
5304,35.01336301,126.7649045,광주광역시
5309,35.04539646,126.8392659,광주광역시
5310,35.04547113,126.8393571,광주광역시
5311,35.04191734,126.8450463,광주광역시
5312,35.04198217,126.8452859,광주광역시
5313,35.042455,126.7180433,광주광역시
5314,35.04244203,126.7181674,광주광역시
5319,35.0885365,126.7375316,광주광역시
5320,35.01639212,126.761641,광주광역시
5321,35.01643393,126.7617601,광주광역시
5326,35.01640133,126.7249756,광주광역시
5327,35.01653417,126.7247287,광주광역시
5330,35.0088,126.76933,광주광역시
5331,35.00883,126.76982,광주광역시
5338,35.01635601,126.7166948,광주광역시
5339,35.01648781,126.7168772,광주광역시
5341,35.08639549,126.7360732,광주광역시
5342,35.03949274,126.8508214,광주광역시
5343,35.01767841,126.7599202,광주광역시
5344,35.0177506,126.7599789,광주광역시
5347,35.0429976,126.7166144,광주광역시
5348,35.04295807,126.7163327,광주광역시
5349,35.07647837,126.7331971,광주광역시
5354,35.09508725,126.7400086,광주광역시
5355,35.01183346,126.7741039,광주광역시
5356,35.01191034,126.7739912,광주광역시
5357,35.10162672,126.7411827,광주광역시
5358,35.04032667,126.7180667,광주광역시
5359,35.04032286,126.7181969,광주광역시
5367,35.01117956,126.7869565,광주광역시
5368,35.01143439,126.7871818,광주광역시
6218,35.32021,126.9884367,광주광역시
6219,35.32375167,126.9854117,광주광역시
6220,35.32495833,126.9870267,광주광역시
6221,35.32733333,126.98876,광주광역시
6222,35.30880167,126.9858867,광주광역시
6223,35.31073333,126.9862017,광주광역시
6224,35.31003667,126.9810167,광주광역시
6225,35.30156,126.9805183,광주광역시
6226,35.29872333,126.97811,광주광역시
6227,35.29443,126.97615,광주광역시
6228,35.28662833,126.9758467,광주광역시
6229,35.28130167,126.9771683,광주광역시
6230,35.27506,126.9755083,광주광역시
6231,35.27313333,126.9736033,광주광역시
6232,35.27116167,126.9686833,광주광역시
6233,35.26864667,126.962495,광주광역시
6234,35.26648333,126.961525,광주광역시
6235,35.261335,126.9598083,광주광역시
6236,35.31993,126.9847933,광주광역시
6237,35.31976,126.9803433,광주광역시
6238,35.31797167,126.9721533,광주광역시
6239,35.31212833,126.9731483,광주광역시
6240,35.30368667,126.96488,광주광역시
6241,35.29442167,126.9631983,광주광역시
6242,35.28835667,126.9626683,광주광역시
6243,35.28479,126.962285,광주광역시
6244,35.28157167,126.9592217,광주광역시
6245,35.15760333,127.05996,광주광역시
6246,35.15722533,127.06016,광주광역시
6247,35.32021167,126.9852633,광주광역시
6248,35.16036333,126.9142733,광주광역시
6249,35.25050333,126.9700183,광주광역시
6250,35.20749833,126.9833167,광주광역시
6251,35.20759833,126.9832867,광주광역시
6252,35.16037833,126.914425,광주광역시
6253,35.23920941,126.9607233,광주광역시
6254,35.23209167,126.9684021,광주광역시
6255,35.23560167,126.9738521,광주광역시
6256,35.22540667,126.9715617,광주광역시
6257,35.22424333,126.972313,광주광역시
6258,35.231038,127.026465,광주광역시
6259,35.227344,127.032308,광주광역시
6260,35.231097,127.026498,광주광역시
6261,35.22832667,127.0190567,광주광역시
6262,35.222305,127.020205,광주광역시
6263,35.2198,127.0206567,광주광역시
6264,35.222475,127.0202583,광주광역시
6265,35.22830167,127.0191567,광주광역시
6266,35.24530333,127.02509,광주광역시
6267,35.247475,127.0259217,광주광역시
6268,35.252765,127.0244317,광주광역시
6269,35.253755,127.0221417,광주광역시
6270,35.25416833,127.0204617,광주광역시
6271,35.25471833,127.0177583,광주광역시
6272,35.25216167,127.0110767,광주광역시
6273,35.25303,127.0070717,광주광역시
6274,35.25409,127.0006683,광주광역시
6275,35.251605,126.9985767,광주광역시
6276,35.2467,126.9969067,광주광역시
6277,35.25509833,126.9887917,광주광역시
6278,35.25577333,126.9871233,광주광역시
6279,35.26083167,126.9851217,광주광역시
6280,35.26720167,126.9841233,광주광역시
6281,35.26807167,126.97811,광주광역시
6282,35.27306333,126.97397,광주광역시
6283,35.25191667,126.9992783,광주광역시
6284,35.24346667,126.9721467,광주광역시
6285,35.2447,126.9751833,광주광역시
6286,35.24473833,126.9778017,광주광역시
6287,35.24374,126.9845217,광주광역시
6288,35.24308333,126.9949083,광주광역시
6289,35.23631667,126.98849,광주광역시
6290,35.235855,126.9919233,광주광역시
6291,35.23445333,126.9953533,광주광역시
6292,35.228545,126.997915,광주광역시
6293,35.25049167,127.0560733,광주광역시
6294,35.25235667,127.0614133,광주광역시
6295,35.25766667,127.05855,광주광역시
6296,35.25991167,127.0584267,광주광역시
6297,35.26235333,127.0588083,광주광역시
6298,35.26466333,127.0592717,광주광역시
6299,35.26506667,127.0564917,광주광역시
6300,35.26660167,127.0409667,광주광역시
6301,35.26612333,127.0392883,광주광역시
6302,35.26740167,127.0354783,광주광역시
6303,35.26462354,127.0595217,광주광역시
6304,35.26463384,127.0608289,광주광역시
6305,35.26777667,127.0776433,광주광역시
6306,35.26949167,127.0817533,광주광역시
6307,35.27483667,127.0751717,광주광역시
6308,35.27657167,127.0730333,광주광역시
6309,35.28207833,127.0613967,광주광역시
6310,35.28418333,127.0579967,광주광역시
6311,35.28408833,127.053815,광주광역시
6312,35.286655,127.0439717,광주광역시
6313,35.29024833,127.0388933,광주광역시
6314,35.29198333,127.0354233,광주광역시
6315,35.29391333,127.0303833,광주광역시
6316,35.29465833,127.027195,광주광역시
6317,35.29527667,127.0237933,광주광역시
6318,35.29463167,127.0170867,광주광역시
6319,35.29554333,127.0077383,광주광역시
6320,35.29700333,127.00332,광주광역시
6321,35.29770333,126.998585,광주광역시
6322,35.29767167,126.9964283,광주광역시
6323,35.29818167,126.9932367,광주광역시
6324,35.30431833,126.9894367,광주광역시
6325,35.30804833,126.9858883,광주광역시
6326,35.309645,126.9813483,광주광역시
6327,35.27139167,126.99026,광주광역시
6328,35.27782833,127.0126617,광주광역시
6329,35.285205,127.0033317,광주광역시
6330,35.28706667,127.0040917,광주광역시
6331,35.28947333,126.9957083,광주광역시
6332,35.32752833,126.9885417,광주광역시
6333,35.32497,126.986765,광주광역시
6334,35.32406667,126.9854117,광주광역시
6335,35.319805,126.98549,광주광역시
6336,35.32012167,126.9884383,광주광역시
6337,35.29241833,126.97824,광주광역시
6338,35.2505024,126.96958,광주광역시
6339,35.31076333,126.986115,광주광역시
6340,35.30878,126.98574,광주광역시
6341,35.20773333,126.9831133,광주광역시
6342,35.21173833,126.97977,광주광역시
6343,35.21461,126.9787767,광주광역시
6344,35.21708333,126.9772883,광주광역시
6345,35.22205667,126.9741933,광주광역시
6346,35.15612667,127.0537883,광주광역시
6347,35.20481333,126.9857817,광주광역시
6348,35.23863333,127.013295,광주광역시
6349,35.24366167,126.9998533,광주광역시
6350,35.17049167,126.921825,광주광역시
6351,35.17354667,126.9257267,광주광역시
6352,35.25673,126.9588067,광주광역시
6353,35.26550333,126.9616333,광주광역시
6354,35.27016167,126.9647367,광주광역시
6355,35.27091333,126.9686683,광주광역시
6356,35.27270167,126.973445,광주광역시
6357,35.275545,126.976255,광주광역시
6358,35.28089,126.97764,광주광역시
6359,35.28707667,126.97655,광주광역시
6360,35.29418,126.9763517,광주광역시
6361,35.298685,126.9783517,광주광역시
6362,35.30167667,126.9808283,광주광역시
6363,35.30873167,126.981255,광주광역시
6364,35.315025,126.9840117,광주광역시
6365,35.24802833,127.00367,광주광역시
6366,35.24319,126.99493,광주광역시
6367,35.24692833,126.9877417,광주광역시
6368,35.24664833,126.985655,광주광역시
6369,35.24378833,126.98461,광주광역시
6370,35.22424333,126.972495,광주광역시
6371,35.22540667,126.9716617,광주광역시
6372,35.23191167,126.9686067,광주광역시
6373,35.23931,126.9609233,광주광역시
6374,35.24481667,126.9778717,광주광역시
6375,35.24481667,126.9751967,광주광역시
6376,35.24349333,126.9720817,광주광역시
6377,35.24872333,126.97019,광주광역시
6378,35.183195,127.094435,광주광역시
6379,35.18525167,127.088735,광주광역시
6380,35.20257,127.0795367,광주광역시
6381,35.24697167,127.0341433,광주광역시
6382,35.25055667,127.0509667,광주광역시
6383,35.24325667,127.0717917,광주광역시
6384,35.23824167,127.079255,광주광역시
6385,35.23684,127.080405,광주광역시
6386,35.23242033,127.0805833,광주광역시
6387,35.23111833,127.07389,광주광역시
6388,35.23221333,127.0805983,광주광역시
6389,35.22783833,127.0855517,광주광역시
6390,35.21983,127.09008,광주광역시
6391,35.21416,127.095,광주광역시
6392,35.19867333,127.093565,광주광역시
6393,35.19651167,127.0955,광주광역시
6394,35.19183833,127.0985383,광주광역시
6395,35.18914,127.0995767,광주광역시
6396,35.15613333,127.053465,광주광역시
6397,35.28132167,126.9592167,광주광역시
6398,35.284695,126.9624083,광주광역시
6399,35.28855,126.9628417,광주광역시
6400,35.29436667,126.9632633,광주광역시
6401,35.30373,126.965075,광주광역시
6402,35.312045,126.973255,광주광역시
6403,35.31833333,126.9724317,광주광역시
6404,35.319515,126.9800567,광주광역시
6405,35.31984167,126.984785,광주광역시
6406,35.24768167,127.04297,광주광역시
6407,35.242,127.0453867,광주광역시
6408,35.23565333,127.049835,광주광역시
6409,35.20769667,127.059135,광주광역시
6410,35.18296833,127.05503,광주광역시
6411,35.20571833,127.0355067,광주광역시
6412,35.24737,127.0345,광주광역시
6413,35.22207667,126.9741233,광주광역시
6414,35.217335,126.97706,광주광역시
6415,35.230365,127.008465,광주광역시
6416,35.22246167,126.9734333,광주광역시
6417,35.21449167,126.978755,광주광역시
6418,35.21166,126.9796433,광주광역시
6419,35.20767167,126.9830817,광주광역시
6420,35.20563,126.983825,광주광역시
6421,35.20171333,126.9900033,광주광역시
6422,35.19710667,126.9913417,광주광역시
6423,35.19267167,126.99478,광주광역시
6424,35.18725667,127.0042317,광주광역시
6425,35.18561,127.0063333,광주광역시
6426,35.18381,127.00848,광주광역시
6427,35.18257833,127.0114267,광주광역시
6428,35.18226,127.0132333,광주광역시
6429,35.17917667,127.021325,광주광역시
6430,35.177085,127.0276383,광주광역시
6431,35.16533333,127.0355117,광주광역시
6432,35.1649,127.0369367,광주광역시
6433,35.16314833,127.0401867,광주광역시
6434,35.15878,127.05885,광주광역시
6435,35.16626833,127.0577433,광주광역시
6436,35.17082833,127.0556733,광주광역시
6437,35.17675,127.0546583,광주광역시
6438,35.18301667,127.055095,광주광역시
6439,35.176715,127.0545633,광주광역시
6440,35.17064667,127.055665,광주광역시
6441,35.166355,127.057685,광주광역시
6442,35.157305,127.05962,광주광역시
6443,35.15461333,127.061125,광주광역시
6444,35.14409,127.0625433,광주광역시
6445,35.13861167,127.046685,광주광역시
6446,35.13769,127.0438283,광주광역시
6447,35.13863667,127.0464133,광주광역시
6448,35.13957667,127.065675,광주광역시
6449,35.13778,127.0683133,광주광역시
6450,35.13707,127.07186,광주광역시
6451,35.135805,127.074105,광주광역시
6452,35.13049833,127.080625,광주광역시
6453,35.13117,127.084335,광주광역시
6454,35.20488667,126.9856317,광주광역시
6455,35.23023,127.0085383,광주광역시
6456,35.13150833,127.08482,광주광역시
6457,35.13089167,127.0797383,광주광역시
6458,35.13559333,127.0746083,광주광역시
6459,35.13705833,127.0721,광주광역시
6460,35.13772167,127.0688583,광주광역시
6461,35.13962,127.065765,광주광역시
6462,35.14400167,127.0626683,광주광역시
6463,35.15444167,127.0612483,광주광역시
6464,35.1632,127.040245,광주광역시
6465,35.16497167,127.0373017,광주광역시
6466,35.16534833,127.035715,광주광역시
6467,35.177145,127.0277933,광주광역시
6468,35.17885333,127.0223983,광주광역시
6469,35.18227833,127.013465,광주광역시
6470,35.182625,127.0122733,광주광역시
6471,35.183695,127.00866,광주광역시
6472,35.18545,127.0067083,광주광역시
6473,35.18701167,127.0047467,광주광역시
6474,35.19252667,126.995025,광주광역시
6475,35.19748333,126.991645,광주광역시
6476,35.201465,126.99018,광주광역시
6477,35.20555167,126.9839333,광주광역시
6478,35.20883167,126.99455,광주광역시
6479,35.292145,126.97839,광주광역시
6586,35.243855,126.8128383,광주광역시
6588,35.243935,126.8130133,광주광역시
6609,35.25985833,127.0582833,광주광역시
6610,35.26225667,127.0586567,광주광역시
6611,35.25756167,127.0584433,광주광역시
6612,35.25063333,127.0509767,광주광역시
6613,35.25154167,126.9986833,광주광역시
6614,35.24682667,126.9966583,광주광역시
6615,35.252075,127.0110133,광주광역시
6616,35.285235,127.0032917,광주광역시
6617,35.30440833,126.989205,광주광역시
6618,35.26128333,126.9851667,광주광역시
6619,35.29755167,126.99857,광주광역시
6620,35.25578833,126.9867717,광주광역시
6621,35.25519667,126.9884133,광주광역시
6622,35.29824833,126.99292,광주광역시
